<?xml version="1.0"?>
<doc>
    <assembly>
        <name>Blockcore.Features.Base.Persistence.LevelDb</name>
    </assembly>
    <members>
        <member name="F:Blockcore.Features.Base.Persistence.LevelDb.LevelDbChainStore.nearTipHeaders">
            <summary>
            Headers that are close to the tip
            </summary>
        </member>
        <member name="F:Blockcore.Features.Base.Persistence.LevelDb.LevelDbChainStore.recentHeaders">
            <summary>
            Headers that are close to the tip
            </summary>
        </member>
        <member name="F:Blockcore.Features.Base.Persistence.LevelDb.LevelDbKeyValueRepository.leveldb">
            <summary>Access to database.</summary>
        </member>
        <member name="M:Blockcore.Features.Base.Persistence.LevelDb.LevelDbKeyValueRepository.SaveBytes(System.String,System.Byte[])">
            <inheritdoc />
        </member>
        <member name="M:Blockcore.Features.Base.Persistence.LevelDb.LevelDbKeyValueRepository.SaveValue``1(System.String,``0)">
            <inheritdoc />
        </member>
        <member name="M:Blockcore.Features.Base.Persistence.LevelDb.LevelDbKeyValueRepository.SaveValueJson``1(System.String,``0)">
            <inheritdoc />
        </member>
        <member name="M:Blockcore.Features.Base.Persistence.LevelDb.LevelDbKeyValueRepository.LoadBytes(System.String)">
            <inheritdoc />
        </member>
        <member name="M:Blockcore.Features.Base.Persistence.LevelDb.LevelDbKeyValueRepository.LoadValue``1(System.String)">
            <inheritdoc />
        </member>
        <member name="M:Blockcore.Features.Base.Persistence.LevelDb.LevelDbKeyValueRepository.LoadValueJson``1(System.String)">
            <inheritdoc />
        </member>
        <member name="M:Blockcore.Features.Base.Persistence.LevelDb.LevelDbKeyValueRepository.Dispose">
            <inheritdoc />
        </member>
    </members>
</doc>
