<?xml version="1.0"?>
<doc>
    <assembly>
        <name>Blockcore.Features.BlockStore.Persistence.RocksDb</name>
    </assembly>
    <members>
        <member name="P:Blockcore.Features.BlockStore.Persistence.RocksDb.RocksdbBlockRepository.TipHashAndHeight">
            <inheritdoc />
        </member>
        <member name="P:Blockcore.Features.BlockStore.Persistence.RocksDb.RocksdbBlockRepository.TxIndex">
            <inheritdoc />
        </member>
        <member name="M:Blockcore.Features.BlockStore.Persistence.RocksDb.RocksdbBlockRepository.Initialize">
            <inheritdoc />
        </member>
        <member name="M:Blockcore.Features.BlockStore.Persistence.RocksDb.RocksdbBlockRepository.GetTransactionById(NBitcoin.uint256)">
            <inheritdoc />
        </member>
        <member name="M:Blockcore.Features.BlockStore.Persistence.RocksDb.RocksdbBlockRepository.GetTransactionsByIds(NBitcoin.uint256[],System.Threading.CancellationToken)">
            <inheritdoc/>
        </member>
        <member name="M:Blockcore.Features.BlockStore.Persistence.RocksDb.RocksdbBlockRepository.GetBlockIdByTransactionId(NBitcoin.uint256)">
            <inheritdoc />
        </member>
        <member name="M:Blockcore.Features.BlockStore.Persistence.RocksDb.RocksdbBlockRepository.ReIndex">
            <inheritdoc />
        </member>
        <member name="M:Blockcore.Features.BlockStore.Persistence.RocksDb.RocksdbBlockRepository.PutBlocks(Blockcore.Utilities.HashHeightPair,System.Collections.Generic.List{Blockcore.Consensus.BlockInfo.Block})">
            <inheritdoc />
        </member>
        <member name="M:Blockcore.Features.BlockStore.Persistence.RocksDb.RocksdbBlockRepository.SetTxIndex(System.Boolean)">
            <inheritdoc />
        </member>
        <member name="M:Blockcore.Features.BlockStore.Persistence.RocksDb.RocksdbBlockRepository.GetBlock(NBitcoin.uint256)">
            <inheritdoc />
        </member>
        <member name="M:Blockcore.Features.BlockStore.Persistence.RocksDb.RocksdbBlockRepository.GetBlocks(System.Collections.Generic.List{NBitcoin.uint256})">
            <inheritdoc />
        </member>
        <member name="M:Blockcore.Features.BlockStore.Persistence.RocksDb.RocksdbBlockRepository.Exist(NBitcoin.uint256)">
            <inheritdoc />
        </member>
        <member name="M:Blockcore.Features.BlockStore.Persistence.RocksDb.RocksdbBlockRepository.Delete(Blockcore.Utilities.HashHeightPair,System.Collections.Generic.List{NBitcoin.uint256})">
            <inheritdoc />
        </member>
        <member name="M:Blockcore.Features.BlockStore.Persistence.RocksDb.RocksdbBlockRepository.DeleteBlocks(System.Collections.Generic.List{NBitcoin.uint256})">
            <inheritdoc />
        </member>
        <member name="M:Blockcore.Features.BlockStore.Persistence.RocksDb.RocksdbBlockRepository.Dispose">
            <inheritdoc />
        </member>
        <member name="T:Blockcore.Features.BlockStore.Persistence.RocksDb.RocksDbPrunedBlockRepository">
            <inheritdoc />
        </member>
        <member name="P:Blockcore.Features.BlockStore.Persistence.RocksDb.RocksDbPrunedBlockRepository.PrunedTip">
            <inheritdoc />
        </member>
        <member name="M:Blockcore.Features.BlockStore.Persistence.RocksDb.RocksDbPrunedBlockRepository.Initialize">
            <inheritdoc />
        </member>
        <member name="M:Blockcore.Features.BlockStore.Persistence.RocksDb.RocksDbPrunedBlockRepository.PrepareDatabase">
            <inheritdoc />
        </member>
        <member name="M:Blockcore.Features.BlockStore.Persistence.RocksDb.RocksDbPrunedBlockRepository.UpdatePrunedTip(Blockcore.Consensus.Chain.ChainedHeader)">
            <inheritdoc />
        </member>
    </members>
</doc>
