<?xml version="1.0"?>
<doc>
    <assembly>
        <name>Blockcore.Features.Consensus.Persistence.LevelDb</name>
    </assembly>
    <members>
        <member name="T:Blockcore.Features.Consensus.Persistence.LevelDb.LevelDbCoindb">
            <summary>
            Persistent implementation of coinview using dBreeze database.
            </summary>
        </member>
        <member name="F:Blockcore.Features.Consensus.Persistence.LevelDb.LevelDbCoindb.blockHashKey">
            <summary>Database key under which the block hash of the coin view's current tip is stored.</summary>
        </member>
        <member name="F:Blockcore.Features.Consensus.Persistence.LevelDb.LevelDbCoindb.logger">
            <summary>Instance logger.</summary>
        </member>
        <member name="F:Blockcore.Features.Consensus.Persistence.LevelDb.LevelDbCoindb.network">
            <summary>Specification of the network the node runs on - regtest/testnet/mainnet.</summary>
        </member>
        <member name="F:Blockcore.Features.Consensus.Persistence.LevelDb.LevelDbCoindb.blockHash">
            <summary>Hash of the block which is currently the tip of the coinview.</summary>
        </member>
        <member name="F:Blockcore.Features.Consensus.Persistence.LevelDb.LevelDbCoindb.performanceCounter">
            <summary>Performance counter to measure performance of the database insert and query operations.</summary>
        </member>
        <member name="F:Blockcore.Features.Consensus.Persistence.LevelDb.LevelDbCoindb.leveldb">
            <summary>Access to dBreeze database.</summary>
        </member>
        <member name="M:Blockcore.Features.Consensus.Persistence.LevelDb.LevelDbCoindb.Rewind">
            <inheritdoc />
        </member>
        <member name="M:Blockcore.Features.Consensus.Persistence.LevelDb.LevelDbCoindb.PutStake(System.Collections.Generic.IEnumerable{Blockcore.Features.Consensus.StakeItem})">
            <summary>
            Persists unsaved POS blocks information to the database.
            </summary>
            <param name="stakeEntries">List of POS block information to be examined and persists if unsaved.</param>
        </member>
        <member name="M:Blockcore.Features.Consensus.Persistence.LevelDb.LevelDbCoindb.GetStake(System.Collections.Generic.IEnumerable{Blockcore.Features.Consensus.StakeItem})">
            <summary>
            Retrieves POS blocks information from the database.
            </summary>
            <param name="blocklist">List of partially initialized POS block information that is to be fully initialized with the values from the database.</param>
        </member>
        <member name="M:Blockcore.Features.Consensus.Persistence.LevelDb.LevelDbCoindb.Dispose">
            <inheritdoc />
        </member>
        <member name="T:Blockcore.Features.Consensus.Persistence.LevelDb.LevelDbProvenBlockHeaderRepository">
            <summary>
            Persistent implementation of the <see cref="T:Blockcore.Consensus.BlockInfo.ProvenBlockHeader"/> DBreeze repository.
            </summary>
        </member>
        <member name="F:Blockcore.Features.Consensus.Persistence.LevelDb.LevelDbProvenBlockHeaderRepository.logger">
            <summary>
            Instance logger.
            </summary>
        </member>
        <member name="F:Blockcore.Features.Consensus.Persistence.LevelDb.LevelDbProvenBlockHeaderRepository.leveldb">
            <summary>
            Access to database.
            </summary>
        </member>
        <member name="F:Blockcore.Features.Consensus.Persistence.LevelDb.LevelDbProvenBlockHeaderRepository.network">
            <summary>
            Specification of the network the node runs on - RegTest/TestNet/MainNet.
            </summary>
        </member>
        <member name="F:Blockcore.Features.Consensus.Persistence.LevelDb.LevelDbProvenBlockHeaderRepository.blockHashHeightKey">
            <summary>
            Database key under which the block hash and height of a <see cref="T:Blockcore.Consensus.BlockInfo.ProvenBlockHeader"/> tip is stored.
            </summary>
        </member>
        <member name="F:Blockcore.Features.Consensus.Persistence.LevelDb.LevelDbProvenBlockHeaderRepository.provenBlockHeaderTip">
            <summary>
            Current <see cref="T:Blockcore.Consensus.BlockInfo.ProvenBlockHeader"/> tip.
            </summary>
        </member>
        <member name="P:Blockcore.Features.Consensus.Persistence.LevelDb.LevelDbProvenBlockHeaderRepository.TipHashHeight">
            <inheritdoc />
        </member>
        <member name="M:Blockcore.Features.Consensus.Persistence.LevelDb.LevelDbProvenBlockHeaderRepository.#ctor(Blockcore.Networks.Network,Blockcore.Configuration.DataFolder,Microsoft.Extensions.Logging.ILoggerFactory,Blockcore.Utilities.DataStoreSerializer)">
            <summary>
            Initializes a new instance of the object.
            </summary>
            <param name="network">Specification of the network the node runs on - RegTest/TestNet/MainNet.</param>
            <param name="folder"><see cref="!:ProvenBlockHeaderRepository"/> folder path to the DBreeze database files.</param>
            <param name="loggerFactory">Factory to create a logger for this type.</param>
            <param name="dataStoreSerializer">The serializer to use for <see cref="T:NBitcoin.IBitcoinSerializable"/> objects.</param>
        </member>
        <member name="M:Blockcore.Features.Consensus.Persistence.LevelDb.LevelDbProvenBlockHeaderRepository.#ctor(Blockcore.Networks.Network,System.String,Microsoft.Extensions.Logging.ILoggerFactory,Blockcore.Utilities.DataStoreSerializer)">
            <summary>
            Initializes a new instance of the object.
            </summary>
            <param name="network">Specification of the network the node runs on - RegTest/TestNet/MainNet.</param>
            <param name="folder"><see cref="!:ProvenBlockHeaderRepository"/> folder path to the DBreeze database files.</param>
            <param name="loggerFactory">Factory to create a logger for this type.</param>
            <param name="dataStoreSerializer">The serializer to use for <see cref="T:NBitcoin.IBitcoinSerializable"/> objects.</param>
        </member>
        <member name="M:Blockcore.Features.Consensus.Persistence.LevelDb.LevelDbProvenBlockHeaderRepository.InitializeAsync">
            <inheritdoc />
        </member>
        <member name="M:Blockcore.Features.Consensus.Persistence.LevelDb.LevelDbProvenBlockHeaderRepository.GetAsync(System.Int32)">
            <inheritdoc />
        </member>
        <member name="M:Blockcore.Features.Consensus.Persistence.LevelDb.LevelDbProvenBlockHeaderRepository.PutAsync(System.Collections.Generic.SortedDictionary{System.Int32,Blockcore.Consensus.BlockInfo.ProvenBlockHeader},Blockcore.Utilities.HashHeightPair)">
            <inheritdoc />
        </member>
        <member name="M:Blockcore.Features.Consensus.Persistence.LevelDb.LevelDbProvenBlockHeaderRepository.SetTip(Blockcore.Utilities.HashHeightPair)">
            <summary>
            Set's the hash and height tip of the new <see cref="T:Blockcore.Consensus.BlockInfo.ProvenBlockHeader"/>.
            </summary>
            <param name="transaction"> Open DBreeze transaction.</param>
            <param name="newTip"> Hash height pair of the new block tip.</param>
        </member>
        <member name="M:Blockcore.Features.Consensus.Persistence.LevelDb.LevelDbProvenBlockHeaderRepository.InsertHeaders(System.Collections.Generic.SortedDictionary{System.Int32,Blockcore.Consensus.BlockInfo.ProvenBlockHeader})">
            <summary>
            Inserts <see cref="T:Blockcore.Consensus.BlockInfo.ProvenBlockHeader"/> items into to the database.
            </summary>
            <param name="headers"> List of <see cref="T:Blockcore.Consensus.BlockInfo.ProvenBlockHeader"/> items to save.</param>
        </member>
        <member name="M:Blockcore.Features.Consensus.Persistence.LevelDb.LevelDbProvenBlockHeaderRepository.GetTipHash">
            <summary>
            Retrieves the current <see cref="T:Blockcore.Utilities.HashHeightPair"/> tip from disk.
            </summary>
            <returns> Hash of blocks current tip.</returns>
        </member>
        <member name="M:Blockcore.Features.Consensus.Persistence.LevelDb.LevelDbProvenBlockHeaderRepository.Dispose">
            <inheritdoc />
        </member>
    </members>
</doc>
