<?xml version="1.0"?>
<doc>
    <assembly>
        <name>Blockcore.Persistence.LevelDb</name>
    </assembly>
    <members>
        <member name="T:Blockcore.Persistence.LevelDb.LevelDbPersistence">
            <summary>
            Constants used to
            </summary>
        </member>
        <member name="P:Blockcore.Persistence.LevelDb.LevelDbPersistence.Name">
            <summary>
            Gets the persistence implementation name.
            </summary>
        </member>
    </members>
</doc>
