<?xml version="1.0"?>
<doc>
    <assembly>
        <name>Blockcore.Networks.NETC</name>
    </assembly>
    <members>
        <member name="P:Blockcore.Networks.NETC.Consensus.NETCConsensus.CoinbaseMaturity">
            <inheritdoc />
        </member>
        <member name="P:Blockcore.Networks.NETC.Consensus.NETCConsensus.PremineReward">
            <inheritdoc />
        </member>
        <member name="P:Blockcore.Networks.NETC.Consensus.NETCConsensus.PremineHeight">
            <inheritdoc />
        </member>
        <member name="P:Blockcore.Networks.NETC.Consensus.NETCConsensus.ProofOfWorkReward">
            <inheritdoc />
        </member>
        <member name="P:Blockcore.Networks.NETC.Consensus.NETCConsensus.ProofOfStakeReward">
            <inheritdoc />
        </member>
        <member name="P:Blockcore.Networks.NETC.Consensus.NETCConsensus.MaxReorgLength">
            <inheritdoc />
        </member>
        <member name="P:Blockcore.Networks.NETC.Consensus.NETCConsensus.MaxMoney">
            <inheritdoc />
        </member>
        <member name="P:Blockcore.Networks.NETC.Consensus.NETCConsensus.PosNoRetargeting">
            <inheritdoc />
        </member>
        <member name="P:Blockcore.Networks.NETC.Consensus.NETCConsensus.PowNoRetargeting">
            <inheritdoc />
        </member>
        <member name="P:Blockcore.Networks.NETC.Consensus.NETCConsensus.MinimumChainWork">
            <inheritdoc />
        </member>
        <member name="P:Blockcore.Networks.NETC.Consensus.NETCConsensus.CoinType">
            <inheritdoc />
        </member>
        <member name="P:Blockcore.Networks.NETC.Consensus.NETCConsensus.LastPOWBlock">
            <inheritdoc />
        </member>
        <member name="P:Blockcore.Networks.NETC.Consensus.NETCConsensus.IsProofOfStake">
            <inheritdoc />
        </member>
        <member name="P:Blockcore.Networks.NETC.Consensus.NETCConsensus.PosEmptyCoinbase">
            <inheritdoc />
        </member>
        <member name="P:Blockcore.Networks.NETC.Consensus.NETCConsensus.PosUseTimeFieldInKernalHash">
            <inheritdoc />
        </member>
        <member name="P:Blockcore.Networks.NETC.Consensus.NETCConsensus.ProofOfStakeTimestampMask">
            <inheritdoc />
        </member>
        <member name="P:Blockcore.Networks.NETC.Consensus.NETCConsensus.DefaultAssumeValid">
            <inheritdoc />
        </member>
        <member name="P:Blockcore.Networks.NETC.Consensus.NETCConsensus.ConsensusFactory">
            <inheritdoc />
        </member>
        <member name="P:Blockcore.Networks.NETC.Consensus.NETCConsensus.ConsensusRules">
            <inheritdoc />
        </member>
        <member name="P:Blockcore.Networks.NETC.Consensus.NETCConsensus.MempoolRules">
            <inheritdoc />
        </member>
        <member name="P:Blockcore.Networks.NETC.Crypto.NETCHashX13.Instance">
            <summary>
            using the instance method is not thread safe.
            to calling the hashing method in a multi threaded environment use the create() method
            </summary>
        </member>
        <member name="T:Blockcore.Networks.NETC.Deployments.NETCBIP9Deployments">
            <summary>
            BIP9 deployments for the Stratis network.
            </summary>
        </member>
        <member name="M:Blockcore.Networks.NETC.Deployments.NETCBIP9Deployments.#ctor">
            <summary>
            Constructs the BIP9 deployments array.
            </summary>
        </member>
        <member name="M:Blockcore.Networks.NETC.Deployments.NETCBIP9Deployments.GetFlags(System.Int32)">
            <summary>
            Gets the deployment flags to set when the deployment activates.
            </summary>
            <param name="deployment">The deployment number.</param>
            <returns>The deployment flags.</returns>
        </member>
        <member name="F:Blockcore.Networks.NETC.NETCMain.xRhodiumMaxTimeOffsetSeconds">
            <summary> xRhodium maximal value for the calculated time offset. If the value is over this limit, the time syncing feature will be switched off. </summary>
        </member>
        <member name="F:Blockcore.Networks.NETC.NETCMain.xRhodiumDefaultMaxTipAgeInSeconds">
            <summary> xRhodium default value for the maximum tip age in seconds to consider the node in initial block download (2 hours). </summary>
        </member>
        <member name="F:Blockcore.Networks.NETC.NETCMain.xRhodiumRootFolderName">
            <summary> The name of the root folder containing the different xRhodium blockchains (xRhodiumMain, xRhodiumTest, xRhodiumRegTest). </summary>
        </member>
        <member name="F:Blockcore.Networks.NETC.NETCMain.xRhodiumDefaultConfigFilename">
            <summary> The default name used for the xRhodium configuration file. </summary>
        </member>
        <member name="T:Blockcore.Networks.NETC.Policies.NETCStandardScriptsRegistry">
            <summary>
            Stratis-specific standard transaction definitions.
            </summary>
        </member>
        <member name="T:Blockcore.Networks.NETC.Rules.NETCHeaderVersionRule">
            <summary>
            Checks if <see cref="T:Blockcore.Networks.NETC.NETCMain"/> network block's header has a valid block version.
            </summary>
        </member>
        <member name="M:Blockcore.Networks.NETC.Rules.NETCHeaderVersionRule.Run(Blockcore.Consensus.Rules.RuleContext)">
            <inheritdoc />
        </member>
    </members>
</doc>
