<?xml version="1.0"?>
<doc>
    <assembly>
        <name>Blockcore.Features.BlockStore.Persistence.LevelDb</name>
    </assembly>
    <members>
        <member name="P:Blockcore.Features.BlockStore.Persistence.LevelDb.LevelDbBlockRepository.TipHashAndHeight">
            <inheritdoc />
        </member>
        <member name="P:Blockcore.Features.BlockStore.Persistence.LevelDb.LevelDbBlockRepository.TxIndex">
            <inheritdoc />
        </member>
        <member name="M:Blockcore.Features.BlockStore.Persistence.LevelDb.LevelDbBlockRepository.Initialize">
            <inheritdoc />
        </member>
        <member name="M:Blockcore.Features.BlockStore.Persistence.LevelDb.LevelDbBlockRepository.GetTransactionById(NBitcoin.uint256)">
            <inheritdoc />
        </member>
        <member name="M:Blockcore.Features.BlockStore.Persistence.LevelDb.LevelDbBlockRepository.GetTransactionsByIds(NBitcoin.uint256[],System.Threading.CancellationToken)">
            <inheritdoc/>
        </member>
        <member name="M:Blockcore.Features.BlockStore.Persistence.LevelDb.LevelDbBlockRepository.GetBlockIdByTransactionId(NBitcoin.uint256)">
            <inheritdoc />
        </member>
        <member name="M:Blockcore.Features.BlockStore.Persistence.LevelDb.LevelDbBlockRepository.ReIndex">
            <inheritdoc />
        </member>
        <member name="M:Blockcore.Features.BlockStore.Persistence.LevelDb.LevelDbBlockRepository.PutBlocks(Blockcore.Utilities.HashHeightPair,System.Collections.Generic.List{Blockcore.Consensus.BlockInfo.Block})">
            <inheritdoc />
        </member>
        <member name="M:Blockcore.Features.BlockStore.Persistence.LevelDb.LevelDbBlockRepository.SetTxIndex(System.Boolean)">
            <inheritdoc />
        </member>
        <member name="M:Blockcore.Features.BlockStore.Persistence.LevelDb.LevelDbBlockRepository.GetBlock(NBitcoin.uint256)">
            <inheritdoc />
        </member>
        <member name="M:Blockcore.Features.BlockStore.Persistence.LevelDb.LevelDbBlockRepository.GetBlocks(System.Collections.Generic.List{NBitcoin.uint256})">
            <inheritdoc />
        </member>
        <member name="M:Blockcore.Features.BlockStore.Persistence.LevelDb.LevelDbBlockRepository.Exist(NBitcoin.uint256)">
            <inheritdoc />
        </member>
        <member name="M:Blockcore.Features.BlockStore.Persistence.LevelDb.LevelDbBlockRepository.Delete(Blockcore.Utilities.HashHeightPair,System.Collections.Generic.List{NBitcoin.uint256})">
            <inheritdoc />
        </member>
        <member name="M:Blockcore.Features.BlockStore.Persistence.LevelDb.LevelDbBlockRepository.DeleteBlocks(System.Collections.Generic.List{NBitcoin.uint256})">
            <inheritdoc />
        </member>
        <member name="M:Blockcore.Features.BlockStore.Persistence.LevelDb.LevelDbBlockRepository.Dispose">
            <inheritdoc />
        </member>
        <member name="T:Blockcore.Features.BlockStore.Persistence.LevelDb.LevelDbPrunedBlockRepository">
            <inheritdoc />
        </member>
        <member name="P:Blockcore.Features.BlockStore.Persistence.LevelDb.LevelDbPrunedBlockRepository.PrunedTip">
            <inheritdoc />
        </member>
        <member name="M:Blockcore.Features.BlockStore.Persistence.LevelDb.LevelDbPrunedBlockRepository.Initialize">
            <inheritdoc />
        </member>
        <member name="M:Blockcore.Features.BlockStore.Persistence.LevelDb.LevelDbPrunedBlockRepository.PrepareDatabase">
            <inheritdoc />
        </member>
        <member name="M:Blockcore.Features.BlockStore.Persistence.LevelDb.LevelDbPrunedBlockRepository.UpdatePrunedTip(Blockcore.Consensus.Chain.ChainedHeader)">
            <inheritdoc />
        </member>
    </members>
</doc>
