<?xml version="1.0"?>
<doc>
    <assembly>
        <name>Blockcore.Features.Base.Persistence.RocksDb</name>
    </assembly>
    <members>
        <member name="T:Blockcore.Features.Base.Persistence.RocksDb.RocksDbChainStore">
            <summary>
            Rocksdb implementation of the chain storage
            </summary>
            <seealso cref="T:Blockcore.Consensus.Chain.IChainStore" />
            <seealso cref="T:System.IDisposable" />
        </member>
        <member name="F:Blockcore.Features.Base.Persistence.RocksDb.RocksDbChainStore.nearTipHeaders">
            <summary>
            Headers that are close to the tip
            </summary>
        </member>
        <member name="F:Blockcore.Features.Base.Persistence.RocksDb.RocksDbChainStore.recentHeaders">
            <summary>
            Headers that are close to the tip
            </summary>
        </member>
        <member name="F:Blockcore.Features.Base.Persistence.RocksDb.RocksDbKeyValueRepository.rocksdb">
            <summary>Access to database.</summary>
        </member>
        <member name="M:Blockcore.Features.Base.Persistence.RocksDb.RocksDbKeyValueRepository.SaveBytes(System.String,System.Byte[])">
            <inheritdoc />
        </member>
        <member name="M:Blockcore.Features.Base.Persistence.RocksDb.RocksDbKeyValueRepository.SaveValue``1(System.String,``0)">
            <inheritdoc />
        </member>
        <member name="M:Blockcore.Features.Base.Persistence.RocksDb.RocksDbKeyValueRepository.SaveValueJson``1(System.String,``0)">
            <inheritdoc />
        </member>
        <member name="M:Blockcore.Features.Base.Persistence.RocksDb.RocksDbKeyValueRepository.LoadBytes(System.String)">
            <inheritdoc />
        </member>
        <member name="M:Blockcore.Features.Base.Persistence.RocksDb.RocksDbKeyValueRepository.LoadValue``1(System.String)">
            <inheritdoc />
        </member>
        <member name="M:Blockcore.Features.Base.Persistence.RocksDb.RocksDbKeyValueRepository.LoadValueJson``1(System.String)">
            <inheritdoc />
        </member>
        <member name="M:Blockcore.Features.Base.Persistence.RocksDb.RocksDbKeyValueRepository.Dispose">
            <inheritdoc />
        </member>
    </members>
</doc>
