<?xml version="1.0"?>
<doc>
    <assembly>
        <name>Blockcore.Features.Dns</name>
    </assembly>
    <members>
        <member name="T:Blockcore.Features.Dns.DnsFeature">
            <summary>
            Responsible for managing the DNS feature.
            </summary>
        </member>
        <member name="F:Blockcore.Features.Dns.DnsFeature.DnsServerBackoffInterval">
            <summary>
            Defines a back-off interval in milliseconds if the DNS server fails whilst operating, before it restarts.
            </summary>
        </member>
        <member name="F:Blockcore.Features.Dns.DnsFeature.DnsMasterFileName">
            <summary>
            Defines the name of the masterfile on disk.
            </summary>
        </member>
        <member name="F:Blockcore.Features.Dns.DnsFeature.dnsServer">
            <summary>
            Defines the DNS server.
            </summary>
        </member>
        <member name="F:Blockcore.Features.Dns.DnsFeature.whitelistManager">
            <summary>
            Defines the whitelist manager.
            </summary>
        </member>
        <member name="F:Blockcore.Features.Dns.DnsFeature.logger">
            <summary>
            Defines the logger.
            </summary>
        </member>
        <member name="F:Blockcore.Features.Dns.DnsFeature.nodeLifetime">
            <summary>
            Defines the node lifetime.
            </summary>
        </member>
        <member name="F:Blockcore.Features.Dns.DnsFeature.nodeSettings">
            <summary>
            Defines the node settings for the node.
            </summary>
        </member>
        <member name="F:Blockcore.Features.Dns.DnsFeature.dnsSettings">
            <summary>
            Defines the DNS settings for the node.
            </summary>
        </member>
        <member name="F:Blockcore.Features.Dns.DnsFeature.dataFolders">
            <summary>
            Defines the data folders of the system.
            </summary>
        </member>
        <member name="F:Blockcore.Features.Dns.DnsFeature.dnsTask">
            <summary>
            Defines the long running task used to support the DNS service.
            </summary>
        </member>
        <member name="F:Blockcore.Features.Dns.DnsFeature.asyncProvider">
            <summary>
            Factory for creating background async loop tasks.
            </summary>
        </member>
        <member name="F:Blockcore.Features.Dns.DnsFeature.connectionManager">
            <summary>Manager of node's network connections.</summary>
        </member>
        <member name="F:Blockcore.Features.Dns.DnsFeature.unreliablePeerBehavior">
            <summary>
            Instance of the UnreliablePeerBehavior to the connectionManager Template.
            </summary>
        </member>
        <member name="F:Blockcore.Features.Dns.DnsFeature.whitelistRefreshLoop">
            <summary>
            The async loop to refresh the whitelist.
            </summary>
        </member>
        <member name="F:Blockcore.Features.Dns.DnsFeature.disposed">
            <summary>
            Defines a flag used to indicate whether the object has been disposed or not.
            </summary>
        </member>
        <member name="M:Blockcore.Features.Dns.DnsFeature.#ctor(Blockcore.Features.Dns.IDnsServer,Blockcore.Features.Dns.IWhitelistManager,Microsoft.Extensions.Logging.ILoggerFactory,Blockcore.Utilities.INodeLifetime,Blockcore.Features.Dns.DnsSettings,Blockcore.Configuration.NodeSettings,Blockcore.Configuration.DataFolder,Blockcore.AsyncWork.IAsyncProvider,Blockcore.Connection.IConnectionManager,Blockcore.Features.Dns.UnreliablePeerBehavior)">
            <summary>
            Initializes a new instance of the <see cref="T:Blockcore.Features.Dns.DnsFeature"/> class.
            </summary>
            <param name="dnsServer">The DNS server.</param>
            <param name="whitelistManager">The whitelist manager.</param>
            <param name="loggerFactory">The factory to create the logger.</param>
            <param name="nodeLifetime">The node lifetime object used for graceful shutdown.</param>
            <param name="nodeSettings">The node settings object containing node configuration.</param>
            <param name="dnsSettings">Defines the DNS settings for the node</param>
            <param name="dataFolders">The data folders of the system.</param>
            <param name="asyncProvider">The asynchronous loop factory.</param>
            <param name="connectionManager">Manager of node's network connections.</param>
            <param name="unreliablePeerBehavior">Instance of the UnreliablePeerBehavior that will be added to the connectionManager Template.</param>
        </member>
        <member name="M:Blockcore.Features.Dns.DnsFeature.InitializeAsync">
            <summary>
            Initializes the DNS feature.
            </summary>
        </member>
        <member name="M:Blockcore.Features.Dns.DnsFeature.RunDnsService">
            <summary>
            Runs the DNS service until the node is stopped.
            </summary>
        </member>
        <member name="M:Blockcore.Features.Dns.DnsFeature.PrintHelp(Blockcore.Networks.Network)">
            <summary>
            Prints command-line help.
            </summary>
            <param name="network">The network to extract values from.</param>
        </member>
        <member name="M:Blockcore.Features.Dns.DnsFeature.BuildDefaultConfigurationFile(System.Text.StringBuilder,Blockcore.Networks.Network)">
            <summary>
            Get the default configuration.
            </summary>
            <param name="builder">The string builder to add the settings to.</param>
            <param name="network">The network to base the defaults off.</param>
        </member>
        <member name="M:Blockcore.Features.Dns.DnsFeature.Dispose">
            <summary>
            Disposes of the object.
            </summary>
        </member>
        <member name="M:Blockcore.Features.Dns.DnsFeature.Dispose(System.Boolean)">
            <summary>
            Disposes of the object.
            </summary>
            <param name="disposing"><c>true</c> if the object is being disposed of deterministically, otherwise <c>false</c>.</param>
        </member>
        <member name="M:Blockcore.Features.Dns.DnsFeature.StartWhitelistRefreshLoop">
            <summary>
            Starts the loop to refresh the whitelist.
            </summary>
        </member>
        <member name="T:Blockcore.Features.Dns.DnsMetric">
            <summary>
            Stores metric values for the <see cref="T:Blockcore.Features.Dns.DnsSeedServer"/> object.
            </summary>
        </member>
        <member name="F:Blockcore.Features.Dns.DnsMetric.requestCount">
            <summary>
            Defines the DNS request count.
            </summary>
        </member>
        <member name="F:Blockcore.Features.Dns.DnsMetric.maxPeerCount">
            <summary>
            Defines the maximum count of peers seen since the server started.
            </summary>
        </member>
        <member name="F:Blockcore.Features.Dns.DnsMetric.serverFailureCount">
            <summary>
            Defines the server failure count.
            </summary>
        </member>
        <member name="F:Blockcore.Features.Dns.DnsMetric.requestFailureCount">
            <summary>
            Defines the request failure count.
            </summary>
        </member>
        <member name="F:Blockcore.Features.Dns.DnsMetric.snapshot">
            <summary>
            Defines the current snapshot.
            </summary>
        </member>
        <member name="P:Blockcore.Features.Dns.DnsMetric.DnsRequestCountSinceStart">
            <summary>
            Gets the total number of DNS requests issued to the DNS server since the start of the application.
            </summary>
        </member>
        <member name="P:Blockcore.Features.Dns.DnsMetric.MaxPeerCountSinceStart">
            <summary>
            Gets the maximum count of peers seen since the start of the application.
            </summary>
        </member>
        <member name="P:Blockcore.Features.Dns.DnsMetric.DnsServerFailureCountSinceStart">
            <summary>
            Gets the number of failures of the server since the start of the application (server failures are restarted).
            </summary>
        </member>
        <member name="P:Blockcore.Features.Dns.DnsMetric.DnsRequestFailureCountSinceStart">
            <summary>
            Gets the number of failures processing DNS requests since the start of the application.
            </summary>
        </member>
        <member name="P:Blockcore.Features.Dns.DnsMetric.CurrentSnapshot">
            <summary>
            Gets the current snapshot.
            </summary>
        </member>
        <member name="M:Blockcore.Features.Dns.DnsMetric.CaptureRequestMetrics(System.Int32,System.Int64,System.Boolean)">
            <summary>
            Captures the metrics for the last request.
            </summary>
            <param name="peerCount">The last measured count of peers available.</param>
            <param name="elapsedTicks">The last measured elapsed ticks taken to process the request.</param>
            <param name="requestFailed">True if the request failed, otherwise False.</param>
        </member>
        <member name="M:Blockcore.Features.Dns.DnsMetric.CaptureServerFailedMetric">
            <summary>
            Increments the server failed count.
            </summary>
        </member>
        <member name="M:Blockcore.Features.Dns.DnsMetric.ResetSnapshot">
            <summary>
            Resets the current snapshot and returns the previous one as the result.
            </summary>
            <returns>Returns the previous snapshot.</returns>
        </member>
        <member name="T:Blockcore.Features.Dns.DnsMetricSnapshot">
            <summary>
            Stores snapshot metric values for the <see cref="T:Blockcore.Features.Dns.DnsSeedServer"/> object.
            </summary>
        </member>
        <member name="F:Blockcore.Features.Dns.DnsMetricSnapshot.requestCount">
            <summary>
            Defines the DNS request count.
            </summary>
        </member>
        <member name="F:Blockcore.Features.Dns.DnsMetricSnapshot.elapsedTicks">
            <summary>
            Defines the count of elapsed ticks for this period.
            </summary>
        </member>
        <member name="F:Blockcore.Features.Dns.DnsMetricSnapshot.peerCount">
            <summary>
            Defines the count of peers.
            </summary>
        </member>
        <member name="F:Blockcore.Features.Dns.DnsMetricSnapshot.lastElapsedTicks">
            <summary>
            Defines the last measured elapsed ticks when processing DNS request.
            </summary>
        </member>
        <member name="F:Blockcore.Features.Dns.DnsMetricSnapshot.lastPeerCount">
            <summary>
            Defines the last count of peers.
            </summary>
        </member>
        <member name="F:Blockcore.Features.Dns.DnsMetricSnapshot.serverFailureCount">
            <summary>
            Defines the server failure count.
            </summary>
        </member>
        <member name="F:Blockcore.Features.Dns.DnsMetricSnapshot.requestFailureCount">
            <summary>
            Defines the request failure count.
            </summary>
        </member>
        <member name="P:Blockcore.Features.Dns.DnsMetricSnapshot.DnsRequestCountSinceLastPeriod">
            <summary>
            Gets the number of DNS requests issued to the DNS server since the last metrics period.
            </summary>
        </member>
        <member name="P:Blockcore.Features.Dns.DnsMetricSnapshot.DnsRequestElapsedTicksSinceLastPeriod">
            <summary>
            Gets the total number of elasped ticks processing DNS requests since the last metrics period.
            </summary>
        </member>
        <member name="P:Blockcore.Features.Dns.DnsMetricSnapshot.PeerCountSinceLastPeriod">
            <summary>
            Gets the total number of peers available to DNS responses since the last metrics period.
            </summary>
        </member>
        <member name="P:Blockcore.Features.Dns.DnsMetricSnapshot.LastDnsRequestElapsedTicks">
            <summary>
            Gets the number of elapsed ticks processing the most recent DNS request.
            </summary>
        </member>
        <member name="P:Blockcore.Features.Dns.DnsMetricSnapshot.LastPeerCount">
            <summary>
            Gets the last number of peers available.
            </summary>
        </member>
        <member name="P:Blockcore.Features.Dns.DnsMetricSnapshot.DnsServerFailureCountSinceLastPeriod">
            <summary>
            Gets the number of failures of the server since the last metrics period (server failures are restarted).
            </summary>
        </member>
        <member name="P:Blockcore.Features.Dns.DnsMetricSnapshot.DnsRequestFailureCountSinceLastPeriod">
            <summary>
            Gets the number of failures processing DNS requests since the last metrics period.
            </summary>
        </member>
        <member name="M:Blockcore.Features.Dns.DnsMetricSnapshot.CaptureRequestMetrics(System.Int32,System.Int64,System.Boolean)">
            <summary>
            Captures the metrics for the last request.
            </summary>
            <param name="peerCount">The last measured count of peers available.</param>
            <param name="elapsedTicks">The last measured elapsed ticks taken to process the request.</param>
            <param name="requestFailed">True if the request failed, otherwise False.</param>
        </member>
        <member name="M:Blockcore.Features.Dns.DnsMetricSnapshot.CaptureServerFailedMetric">
            <summary>
            Increments the server failed count.
            </summary>
        </member>
        <member name="T:Blockcore.Features.Dns.DnsSeedMasterFile">
            <summary>
            This class defines a DNS masterfile used to cache the whitelisted peers discovered by the DNS Seed service that supports saving
            and loading from a stream.
            This is based on 3rd party library https://github.com/kapetan/dns.
            </summary>
        </member>
        <member name="F:Blockcore.Features.Dns.DnsSeedMasterFile.DEFAULT_TTL">
            <summary>
            Sets the default ttl.
            </summary>
        </member>
        <member name="F:Blockcore.Features.Dns.DnsSeedMasterFile.ttl">
            <summary>
            The default time to live.
            </summary>
        </member>
        <member name="F:Blockcore.Features.Dns.DnsSeedMasterFile.entries">
            <summary>
            The resource record entries in the master file.
            </summary>
        </member>
        <member name="M:Blockcore.Features.Dns.DnsSeedMasterFile.#ctor(System.TimeSpan)">
            <summary>
            Initializes a new instance of a <see cref="T:Blockcore.Features.Dns.DnsSeedMasterFile"/> class.
            </summary>
            <param name="ttl">The time to live.</param>
        </member>
        <member name="M:Blockcore.Features.Dns.DnsSeedMasterFile.#ctor">
            <summary>
            Initializes a new instance of a <see cref="T:Blockcore.Features.Dns.DnsSeedMasterFile"/> class.
            </summary>
        </member>
        <member name="M:Blockcore.Features.Dns.DnsSeedMasterFile.Matches(DNS.Protocol.Domain,DNS.Protocol.Domain)">
            <summary>
            Identifies if the domain matches the entry.
            </summary>
            <param name="domain">The domain to match.</param>
            <param name="entry">The entry to match.</param>
            <returns><c>True</c> if there is a match, otherwise <c>false</c>.</returns>
        </member>
        <member name="M:Blockcore.Features.Dns.DnsSeedMasterFile.CreateSerializer">
            <summary>
            Creates the serializer for loading and saving the master file contents.
            </summary>
            <returns></returns>
        </member>
        <member name="M:Blockcore.Features.Dns.DnsSeedMasterFile.Get(DNS.Protocol.Domain,DNS.Protocol.RecordType)">
            <summary>
            Gets a list of matching <see cref="T:DNS.Protocol.ResourceRecords.IResourceRecord"/> objects.
            </summary>
            <param name="domain">The domain to match on.</param>
            <param name="type">The type to match on.</param>
            <returns>The matching entries.</returns>
        </member>
        <member name="M:Blockcore.Features.Dns.DnsSeedMasterFile.Get(DNS.Protocol.Question)">
            <summary>
            Gets a list of matching <see cref="T:DNS.Protocol.ResourceRecords.IResourceRecord"/> objects.
            </summary>
            <param name="question">The <see cref="T:DNS.Protocol.Question"/>used to match on.</param>
            <returns>The matching entries.</returns>
        </member>
        <member name="M:Blockcore.Features.Dns.DnsSeedMasterFile.Load(System.IO.Stream)">
            <summary>
            Loads the saved masterfile from the specified stream.
            </summary>
            <param name="stream">The stream containing the masterfile.</param>
        </member>
        <member name="M:Blockcore.Features.Dns.DnsSeedMasterFile.Save(System.IO.Stream)">
            <summary>
            Saves the cached masterfile to the specified stream.
            </summary>
            <param name="stream">The stream to write the masterfile to.</param>
        </member>
        <member name="M:Blockcore.Features.Dns.DnsSeedMasterFile.Seed(Blockcore.Features.Dns.DnsSettings)">
            <inheritdoc />
        </member>
        <member name="T:Blockcore.Features.Dns.DnsSeedServer">
            <summary>
            This class defines a DNS server based on 3rd party library https://github.com/kapetan/dns.
            </summary>
        </member>
        <member name="F:Blockcore.Features.Dns.DnsSeedServer.UdpTimeout">
            <summary>
            Sets the timeout at 2 seconds.
            </summary>
        </member>
        <member name="F:Blockcore.Features.Dns.DnsSeedServer.MetricsLogRate">
            <summary>
            Sets the period by which metrics are logged (secs).
            </summary>
        </member>
        <member name="F:Blockcore.Features.Dns.DnsSeedServer.SaveMasterfileRate">
            <summary>
            Sets the period by which the master file is saved (secs).
            </summary>
        </member>
        <member name="F:Blockcore.Features.Dns.DnsSeedServer.MetricsOutputFormat">
            <summary>
            Defines the output format for a metric row.
            </summary>
        </member>
        <member name="F:Blockcore.Features.Dns.DnsSeedServer.disposed">
            <summary>
            Defines a flag used to indicate whether the object has been disposed or not.
            </summary>
        </member>
        <member name="F:Blockcore.Features.Dns.DnsSeedServer.masterFile">
            <summary>
            Defines the DNS masterfile used to cache IP addresses.
            </summary>
        </member>
        <member name="F:Blockcore.Features.Dns.DnsSeedServer.masterFileLock">
            <summary>
            Defines a lock object for the masterfile to use during swapping.
            </summary>
        </member>
        <member name="F:Blockcore.Features.Dns.DnsSeedServer.udpClient">
            <summary>
            Defines the client used to listen for incoming DNS requests.
            </summary>
        </member>
        <member name="F:Blockcore.Features.Dns.DnsSeedServer.asyncProvider">
            <summary>
            Provider for creating and managing async loops.
            </summary>
        </member>
        <member name="F:Blockcore.Features.Dns.DnsSeedServer.nodeLifetime">
            <summary>
            Defines a node lifetime object.
            </summary>
        </member>
        <member name="F:Blockcore.Features.Dns.DnsSeedServer.logger">
            <summary>
            Defines the logger.
            </summary>
        </member>
        <member name="F:Blockcore.Features.Dns.DnsSeedServer.dateTimeProvider">
            <summary>
            Defines the date-time provider.
            </summary>
        </member>
        <member name="F:Blockcore.Features.Dns.DnsSeedServer.dnsSettings">
            <summary>
            Defines the configuration settings for the DNS seed server.
            </summary>
        </member>
        <member name="F:Blockcore.Features.Dns.DnsSeedServer.dataFolders">
            <summary>
            Defines the data folders of the system.
            </summary>
        </member>
        <member name="F:Blockcore.Features.Dns.DnsSeedServer.metricsLoop">
            <summary>
            Defines a metrics async loop.
            </summary>
        </member>
        <member name="F:Blockcore.Features.Dns.DnsSeedServer.saveMasterfileLoop">
            <summary>
            Defines a save masterfile loop.
            </summary>
        </member>
        <member name="F:Blockcore.Features.Dns.DnsSeedServer.metrics">
            <summary>
            Defines an entity that holds the metrics for the DNS server.
            </summary>
        </member>
        <member name="F:Blockcore.Features.Dns.DnsSeedServer.startIndex">
            <summary>
            Defines the pointer to the record number of the results, used to control round-robin so the same peer
            doesn't always appear at the top of the list.
            </summary>
        </member>
        <member name="M:Blockcore.Features.Dns.DnsSeedServer.#ctor(Blockcore.Features.Dns.IUdpClient,Blockcore.Features.Dns.IMasterFile,Blockcore.AsyncWork.IAsyncProvider,Blockcore.Utilities.INodeLifetime,Microsoft.Extensions.Logging.ILoggerFactory,Blockcore.Utilities.IDateTimeProvider,Blockcore.Features.Dns.DnsSettings,Blockcore.Configuration.DataFolder)">
            <summary>
            Initializes a new instance of the <see cref="T:Blockcore.Features.Dns.DnsSeedServer"/> class with the port to listen on.
            </summary>
            <param name="client">The UDP client to use to receive DNS requests and send DNS responses.</param>
            <param name="masterFile">The initial DNS masterfile.</param>
            <param name="asyncProvider">The async loop factory.</param>
            <param name="loggerFactory">The logger factory.</param>
            <param name="dateTimeProvider">The <see cref="T:System.DateTime"/> provider.</param>
            <param name="dataFolders">The data folders of the system.</param>
        </member>
        <member name="P:Blockcore.Features.Dns.DnsSeedServer.MasterFile">
            <summary>
            Gets the current <see cref="T:Blockcore.Features.Dns.IMasterFile"/> instance associated with the <see cref="T:Blockcore.Features.Dns.IDnsServer"/>.
            </summary>
        </member>
        <member name="P:Blockcore.Features.Dns.DnsSeedServer.Metrics">
            <summary>
            Gets the metrics for the DNS server.
            </summary>
        </member>
        <member name="M:Blockcore.Features.Dns.DnsSeedServer.Initialize">
            <summary>
            Initializes the DNS Server.
            </summary>
        </member>
        <member name="M:Blockcore.Features.Dns.DnsSeedServer.ListenAsync(System.Int32,System.Threading.CancellationToken)">
            <summary>
            Starts listening for DNS requests.
            </summary>
            <param name="dnsListenPort">The port to listen on.</param>
            <param name="token">The token used to cancel the listen.</param>
            <returns>A task used to await the listen operation.</returns>
        </member>
        <member name="M:Blockcore.Features.Dns.DnsSeedServer.SwapMasterfile(Blockcore.Features.Dns.IMasterFile)">
            <summary>
            Swaps in a new version of the cached DNS masterfile used by the DNS server.
            </summary>
            <remarks>
            The <see cref="T:Blockcore.Features.Dns.DnsFeature"/> object is designed to produce a whitelist of peers from the <see cref="T:Blockcore.P2P.IPeerAddressManager"/>
            object which is then periodically formed into a new masterfile instance and applied to the <see cref="T:Blockcore.Features.Dns.IDnsServer"/> object.  The
            masterfile is swapped for efficiency, rather than applying a merge operation to the existing masterfile, or clearing the existing
            masterfile and re-adding the peer entries (which could cause some interim DNS resolve requests to fail).
            </remarks>
            <param name="newMasterFile">The new masterfile to swap in.</param>
        </member>
        <member name="M:Blockcore.Features.Dns.DnsSeedServer.Dispose">
            <summary>
            Disposes of the object.
            </summary>
        </member>
        <member name="M:Blockcore.Features.Dns.DnsSeedServer.Dispose(System.Boolean)">
            <summary>
            Disposes of the object.
            </summary>
            <param name="disposing"><c>true</c> if the object is being disposed of deterministically, otherwise <c>false</c>.</param>
        </member>
        <member name="M:Blockcore.Features.Dns.DnsSeedServer.Resolve(DNS.Protocol.Request)">
            <summary>
            Resolves the DNS request against the local masterfile.
            </summary>
            <param name="request">The request to resolve against the local masterfile.</param>
            <returns>A DNS response.</returns>
        </member>
        <member name="M:Blockcore.Features.Dns.DnsSeedServer.HandleRequestAsync(System.Tuple{System.Net.IPEndPoint,System.Byte[]})">
            <summary>
            Handles a DNS request received by the UDP client.
            </summary>
            <param name="udpRequest">The DNS request received from the UDP client.</param>
        </member>
        <member name="M:Blockcore.Features.Dns.DnsSeedServer.SeedMasterFile(Blockcore.Features.Dns.IMasterFile)">
            <summary>
            Seeds the given masterfile with the SOA and NS DNS records with the DNS specific settings.
            </summary>
            <param name="masterFile"></param>
        </member>
        <member name="M:Blockcore.Features.Dns.DnsSeedServer.GetPeerCount">
            <summary>
            Gets the peer count of IP v4 and v6 addresses in the DNS masterfile.
            </summary>
            <returns></returns>
        </member>
        <member name="M:Blockcore.Features.Dns.DnsSeedServer.LogMetrics">
            <summary>
            Logs metrics periodically to the console.
            </summary>
        </member>
        <member name="M:Blockcore.Features.Dns.DnsSeedServer.StartSaveMasterfileLoop">
            <summary>
            Starts the loop to save the masterfile.
            </summary>
        </member>
        <member name="T:Blockcore.Features.Dns.DnsSeedUdpClient">
            <summary>
            Defines a class for a UDP client that uses the <see cref="T:System.Net.Sockets.UdpClient"/> class as the underlying UDP client.
            </summary>
        </member>
        <member name="F:Blockcore.Features.Dns.DnsSeedUdpClient.isDisposed">
            <summary>
            Defines a flag that determines if the client is disposed or not.
            </summary>
        </member>
        <member name="F:Blockcore.Features.Dns.DnsSeedUdpClient.udpClient">
            <summary>
            Defines the underlying UDP client.
            </summary>
        </member>
        <member name="M:Blockcore.Features.Dns.DnsSeedUdpClient.StartListening(System.Int32)">
            <summary>
            Starts the UDP client to listen for incoming UDP requests.
            </summary>
            <param name="port">The port to listen on.</param>
        </member>
        <member name="M:Blockcore.Features.Dns.DnsSeedUdpClient.StopListening">
            <summary>
            Stops the UDP client.
            </summary>
        </member>
        <member name="M:Blockcore.Features.Dns.DnsSeedUdpClient.ReceiveAsync">
            <summary>
            Receives a UDP message.
            </summary>
            <returns>A task used to await the operation that returns a UDP message.</returns>
        </member>
        <member name="M:Blockcore.Features.Dns.DnsSeedUdpClient.SendAsync(System.Byte[],System.Int32,System.Net.IPEndPoint)">
            <summary>
            Sends a UDP message.
            </summary>
            <param name="payload">The payload to send.</param>
            <param name="bytes">The size of the payload.</param>
            <param name="remoteEndpoint">The address to send the payload.</param>
            <returns>A task used to await the operation.</returns>
        </member>
        <member name="M:Blockcore.Features.Dns.DnsSeedUdpClient.Dispose">
            <summary>
            Disposes of the client.
            </summary>
        </member>
        <member name="M:Blockcore.Features.Dns.DnsSeedUdpClient.Dispose(System.Boolean)">
            <summary>
            Disposes of the client.
            </summary>
            <param name="disposing">True if deterministically disposing, otherwise False.</param>
        </member>
        <member name="M:Blockcore.Features.Dns.DnsSeedUdpClient.ThrowIfDisposed">
            <summary>
            Throw if object already disposed.
            </summary>
        </member>
        <member name="T:Blockcore.Features.Dns.DnsSettings">
            <summary>
            Configuration related to the DNS feature.
            </summary>
        </member>
        <member name="F:Blockcore.Features.Dns.DnsSettings.DefaultDnsListenPort">
            <summary>The default value for the DNS listen port.</summary>
        </member>
        <member name="F:Blockcore.Features.Dns.DnsSettings.DefaultDnsPeerBlacklistThresholdInSeconds">
            <summary>The default value which a peer should have last have been connected before being blacklisted in DNS nodes.</summary>
        </member>
        <member name="F:Blockcore.Features.Dns.DnsSettings.logger">
            <summary>Instance logger.</summary>
        </member>
        <member name="P:Blockcore.Features.Dns.DnsSettings.DnsPeerBlacklistThresholdInSeconds">
            <summary>The value which a peer should have last have been connected before being blacklisted from the DNS nodes.</summary>
        </member>
        <member name="P:Blockcore.Features.Dns.DnsSettings.DnsHostName">
            <summary>Defines the host name for the node when running as a DNS Seed service.</summary>
        </member>
        <member name="P:Blockcore.Features.Dns.DnsSettings.DnsFullNode">
            <summary><c>true</c> if the DNS Seed service should also run as a full node, otherwise <c>false</c>.</summary>
        </member>
        <member name="P:Blockcore.Features.Dns.DnsSettings.DnsListenPort">
            <summary>Defines the port that the DNS server will listen on, by default this is 53.</summary>
        </member>
        <member name="P:Blockcore.Features.Dns.DnsSettings.DnsNameServer">
            <summary>Defines the nameserver host name used as the authoritative domain for the DNS seed service.</summary>
        </member>
        <member name="P:Blockcore.Features.Dns.DnsSettings.DnsMailBox">
            <summary>Defines the e-mail address used as the administrative point of contact for the domain.</summary>
        </member>
        <member name="M:Blockcore.Features.Dns.DnsSettings.#ctor(Blockcore.Configuration.NodeSettings)">
            <summary>
            Initializes an instance of the object from the node configuration.
            </summary>
            <param name="nodeSettings">The node configuration.</param>
        </member>
        <member name="M:Blockcore.Features.Dns.DnsSettings.PrintHelp(Blockcore.Networks.Network)">
            <summary>Prints the help information on how to configure the DNS settings to the logger.</summary>
            <param name="network">The network to use.</param>
        </member>
        <member name="M:Blockcore.Features.Dns.DnsSettings.BuildDefaultConfigurationFile(System.Text.StringBuilder,Blockcore.Networks.Network)">
            <summary>
            Get the default configuration.
            </summary>
            <param name="builder">The string builder to add the settings to.</param>
            <param name="network">The network to base the defaults off.</param>
        </member>
        <member name="T:Blockcore.Features.Dns.IDnsServer">
            <summary>
            This interface defines a DNS server used by the StratisDnsD daemon to support a DNS Seed service.
            </summary>
        </member>
        <member name="P:Blockcore.Features.Dns.IDnsServer.MasterFile">
            <summary>
            Gets the current <see cref="T:Blockcore.Features.Dns.IMasterFile"/> instance associated with the <see cref="T:Blockcore.Features.Dns.IDnsServer"/>.
            </summary>
        </member>
        <member name="P:Blockcore.Features.Dns.IDnsServer.Metrics">
            <summary>
            Gets the metrics for the DNS server.
            </summary>
        </member>
        <member name="M:Blockcore.Features.Dns.IDnsServer.Initialize">
            <summary>
            Initializes the DNS Server.
            </summary>
        </member>
        <member name="M:Blockcore.Features.Dns.IDnsServer.ListenAsync(System.Int32,System.Threading.CancellationToken)">
            <summary>
            Starts listening for DNS requests.
            </summary>
            <param name="dnsListenPort">The port to listen on.</param>
            <param name="token">The token used to cancel the listen.</param>
            <returns>A task used to await the listen operation.</returns>
        </member>
        <member name="M:Blockcore.Features.Dns.IDnsServer.SwapMasterfile(Blockcore.Features.Dns.IMasterFile)">
            <summary>
            Swaps in a new version of the cached DNS masterfile used by the DNS server.
            </summary>
            <remarks>
            The <see cref="T:Blockcore.Features.Dns.DnsFeature"/> object is designed to produce a whitelist of peers from the <see cref="T:Blockcore.P2P.IPeerAddressManager"/>
            object which is then periodically formed into a new masterfile instance and applied to the <see cref="T:Blockcore.Features.Dns.IDnsServer"/> object.  The
            masterfile is swapped for efficiency, rather than applying a merge operation to the existing masterfile, or clearing the existing
            masterfile and re-adding the peer entries (which could cause some interim DNS resolve requests to fail).
            </remarks>
            <param name="masterFile">The new masterfile to swap in.</param>
        </member>
        <member name="T:Blockcore.Features.Dns.IFullNodeBuilderExtensions">
            <summary>
            Extension methods for <see cref="T:Blockcore.Builder.IFullNodeBuilder"/>.
            </summary>
        </member>
        <member name="M:Blockcore.Features.Dns.IFullNodeBuilderExtensions.UseDns(Blockcore.Builder.IFullNodeBuilder)">
            <summary>
            Configures the Dns feature.
            </summary>
            <param name="fullNodeBuilder">Full node builder used to configure the feature.</param>
            <returns>The full node builder with the Dns feature configured.</returns>
        </member>
        <member name="T:Blockcore.Features.Dns.IMasterFile">
            <summary>
            This interface defines a DNS masterfile used to cache the whitelisted peers discovered by the DNS Seed service.
            </summary>
        </member>
        <member name="M:Blockcore.Features.Dns.IMasterFile.Get(DNS.Protocol.Question)">
            <summary>
            Gets a list of resource records that match the question.
            </summary>
            <param name="question">The question to ask of the masterfile.</param>
            <returns>A list of resource records.</returns>
        </member>
        <member name="M:Blockcore.Features.Dns.IMasterFile.Load(System.IO.Stream)">
            <summary>
            Loads the saved masterfile from the specified stream.
            </summary>
            <param name="stream">The stream containing the masterfile.</param>
        </member>
        <member name="M:Blockcore.Features.Dns.IMasterFile.Save(System.IO.Stream)">
            <summary>
            Saves the cached masterfile to the specified stream.
            </summary>
            <param name="stream">The stream to write the masterfile to.</param>
        </member>
        <member name="M:Blockcore.Features.Dns.IMasterFile.Seed(Blockcore.Features.Dns.DnsSettings)">
            <summary>
            Seeds the masterfile with the SOA and NS DNS records with the DNS specific settings.
            </summary>
        </member>
        <member name="T:Blockcore.Features.Dns.IUdpClient">
            <summary>
            Defines an interface for a UDP client used to send and receive UDP messages.
            </summary>
        </member>
        <member name="M:Blockcore.Features.Dns.IUdpClient.StartListening(System.Int32)">
            <summary>
            Starts the UDP client to listen for incoming UDP requests.
            </summary>
            <param name="port">The port to listen on.</param>
            <returns>A task used to await the operation.</returns>
        </member>
        <member name="M:Blockcore.Features.Dns.IUdpClient.StopListening">
            <summary>
            Stops the UDP client.
            </summary>
            <returns>A task used to await the operation.</returns>
        </member>
        <member name="M:Blockcore.Features.Dns.IUdpClient.ReceiveAsync">
            <summary>
            Receives a UDP message.
            </summary>
            <returns>A task used to await the operation that returns a UDP message.</returns>
        </member>
        <member name="M:Blockcore.Features.Dns.IUdpClient.SendAsync(System.Byte[],System.Int32,System.Net.IPEndPoint)">
            <summary>
            Sends a UDP message.
            </summary>
            <param name="payload">The payload to send.</param>
            <param name="bytes">The size of the payload.</param>
            <param name="remoteEndpoint">The address to send the payload.</param>
            <returns>A task used to await the operation.</returns>
        </member>
        <member name="T:Blockcore.Features.Dns.IWhitelistManager">
            <summary>
            Defines the interface to manage the whitelist.
            </summary>
        </member>
        <member name="M:Blockcore.Features.Dns.IWhitelistManager.RefreshWhitelist">
            <summary>
            Refreshes the managed whitelist.
            </summary>
        </member>
        <member name="T:Blockcore.Features.Dns.ResourceRecordConverter">
            <summary>
            Defines a <see cref="T:Newtonsoft.Json.JsonConverter"/> implementation for an <see cref="T:DNS.Protocol.ResourceRecords.IResourceRecord"/> object.
            </summary>
        </member>
        <member name="M:Blockcore.Features.Dns.ResourceRecordConverter.CanConvert(System.Type)">
            <summary>
            Determines whether this instance can convert the specified object type.
            </summary>
            <param name="objectType">The type of object to convert.</param>
            <returns><c>True</c> if the object can be converted otherwise returns <c>false</c>.</returns>
        </member>
        <member name="M:Blockcore.Features.Dns.ResourceRecordConverter.ReadJson(Newtonsoft.Json.JsonReader,System.Type,System.Object,Newtonsoft.Json.JsonSerializer)">
            <summary>
            Reads the JSON representation of the object.
            </summary>
            <param name="reader">The <see cref="T:Newtonsoft.Json.JsonReader"/> to read from.</param>
            <param name="objectType">The type of object.</param>
            <param name="existingValue">The existing value of object being read.</param>
            <param name="serializer">The calling serializer.</param>
            <returns>The object value.</returns>
        </member>
        <member name="M:Blockcore.Features.Dns.ResourceRecordConverter.WriteJson(Newtonsoft.Json.JsonWriter,System.Object,Newtonsoft.Json.JsonSerializer)">
            <summary>
            Writes the JSON representation of the object.
            </summary>
            <param name="writer">The Newtonsoft.Json.JsonWriter to write to.</param>
            <param name="value">The value to write.</param>
            <param name="serializer">The calling serializer.</param>
        </member>
        <member name="M:Blockcore.Features.Dns.ResourceRecordConverter.ReadIPAddressResourceRecordJson(Newtonsoft.Json.Linq.JObject)">
            <summary>
            Reads a <see cref="T:DNS.Protocol.ResourceRecords.IPAddressResourceRecord"/> from JSON.
            </summary>
            <param name="jObject">The JSON object to read from.</param>
            <returns>The read <see cref="T:DNS.Protocol.ResourceRecords.IPAddressResourceRecord"/>.</returns>
        </member>
        <member name="M:Blockcore.Features.Dns.ResourceRecordConverter.ReadCanonicalNameResourceRecordJson(Newtonsoft.Json.Linq.JObject)">
            <summary>
            Reads a <see cref="T:DNS.Protocol.ResourceRecords.CanonicalNameResourceRecord"/> from JSON.
            </summary>
            <param name="jObject">The JSON object to read from.</param>
            <returns>The read <see cref="T:DNS.Protocol.ResourceRecords.CanonicalNameResourceRecord"/>.</returns>
        </member>
        <member name="M:Blockcore.Features.Dns.ResourceRecordConverter.ReadMailExchangeResourceRecordJson(Newtonsoft.Json.Linq.JObject)">
            <summary>
            Reads a <see cref="T:DNS.Protocol.ResourceRecords.MailExchangeResourceRecord"/> from JSON.
            </summary>
            <param name="jObject">The JSON object to read from.</param>
            <returns>The read <see cref="T:DNS.Protocol.ResourceRecords.MailExchangeResourceRecord"/>.</returns>
        </member>
        <member name="M:Blockcore.Features.Dns.ResourceRecordConverter.ReadNameServerResourceRecordJson(Newtonsoft.Json.Linq.JObject)">
            <summary>
            Reads a <see cref="T:DNS.Protocol.ResourceRecords.NameServerResourceRecord"/> from JSON.
            </summary>
            <param name="jObject">The JSON object to read from.</param>
            <returns>The read <see cref="T:DNS.Protocol.ResourceRecords.NameServerResourceRecord"/>.</returns>
        </member>
        <member name="M:Blockcore.Features.Dns.ResourceRecordConverter.ReadPointerResourceRecordJson(Newtonsoft.Json.Linq.JObject)">
            <summary>
            Reads a <see cref="T:DNS.Protocol.ResourceRecords.PointerResourceRecord"/> from JSON.
            </summary>
            <param name="jObject">The JSON object to read from.</param>
            <returns>The read <see cref="T:DNS.Protocol.ResourceRecords.PointerResourceRecord"/>.</returns>
        </member>
        <member name="M:Blockcore.Features.Dns.ResourceRecordConverter.ReadStartOfAuthorityResourceRecordJson(Newtonsoft.Json.Linq.JObject,Newtonsoft.Json.JsonSerializer)">
            <summary>
            Reads a <see cref="T:DNS.Protocol.ResourceRecords.StartOfAuthorityResourceRecord"/> from JSON.
            </summary>
            <param name="jObject">The JSON object to read from.</param>
            <returns>The read <see cref="T:DNS.Protocol.ResourceRecords.StartOfAuthorityResourceRecord"/>.</returns>
        </member>
        <member name="M:Blockcore.Features.Dns.ResourceRecordConverter.ReadIPAddressJson(Newtonsoft.Json.Linq.JObject)">
            <summary>
            Reads a <see cref="T:System.Net.IPAddress"/> from JSON.
            </summary>
            <param name="jObject">The JSON object to read from.</param>
            <returns>The read <see cref="T:System.Net.IPAddress"/>.</returns>
        </member>
        <member name="M:Blockcore.Features.Dns.ResourceRecordConverter.ReadDomainJson(Newtonsoft.Json.Linq.JObject,System.String)">
            <summary>
            Reads a <see cref="T:DNS.Protocol.Domain"/> from JSON.
            </summary>
            <param name="jObject">The JSON object to read from.</param>
            <returns>The read <see cref="T:DNS.Protocol.Domain"/>.</returns>
        </member>
        <member name="M:Blockcore.Features.Dns.ResourceRecordConverter.WriteIPAddressResourceRecordJson(DNS.Protocol.ResourceRecords.IPAddressResourceRecord)">
            <summary>
            Writes a <see cref="T:DNS.Protocol.ResourceRecords.IPAddressResourceRecord"/> to JSON.
            </summary>
            <param name="resourceRecord">The <see cref="T:DNS.Protocol.ResourceRecords.IPAddressResourceRecord"/> to write.</param>
            <returns>The written JSON.</returns>
        </member>
        <member name="M:Blockcore.Features.Dns.ResourceRecordConverter.WriteCanonicalNameResourceRecordJson(DNS.Protocol.ResourceRecords.CanonicalNameResourceRecord)">
            <summary>
            Writes a <see cref="T:DNS.Protocol.ResourceRecords.CanonicalNameResourceRecord"/> to JSON.
            </summary>
            <param name="resourceRecord">The <see cref="T:DNS.Protocol.ResourceRecords.CanonicalNameResourceRecord"/> to write.</param>
            <returns>The written JSON.</returns>
        </member>
        <member name="M:Blockcore.Features.Dns.ResourceRecordConverter.WriteMailExchangeResourceRecordJson(DNS.Protocol.ResourceRecords.MailExchangeResourceRecord)">
            <summary>
            Writes a <see cref="T:DNS.Protocol.ResourceRecords.MailExchangeResourceRecord"/> to JSON.
            </summary>
            <param name="resourceRecord">The <see cref="T:DNS.Protocol.ResourceRecords.MailExchangeResourceRecord"/> to write.</param>
            <returns>The written JSON.</returns>
        </member>
        <member name="M:Blockcore.Features.Dns.ResourceRecordConverter.WriteNameServerResourceRecordJson(DNS.Protocol.ResourceRecords.NameServerResourceRecord)">
            <summary>
            Writes a <see cref="T:DNS.Protocol.ResourceRecords.NameServerResourceRecord"/> to JSON.
            </summary>
            <param name="resourceRecord">The <see cref="T:DNS.Protocol.ResourceRecords.NameServerResourceRecord"/> to write.</param>
            <returns>The written JSON.</returns>
        </member>
        <member name="M:Blockcore.Features.Dns.ResourceRecordConverter.WritePointerResourceRecordJson(DNS.Protocol.ResourceRecords.PointerResourceRecord)">
            <summary>
            Writes a <see cref="T:DNS.Protocol.ResourceRecords.PointerResourceRecord"/> to JSON.
            </summary>
            <param name="resourceRecord">The <see cref="T:DNS.Protocol.ResourceRecords.PointerResourceRecord"/> to write.</param>
            <returns>The written JSON.</returns>
        </member>
        <member name="M:Blockcore.Features.Dns.ResourceRecordConverter.WriteStartOfAuthorityResourceRecordJson(DNS.Protocol.ResourceRecords.StartOfAuthorityResourceRecord,Newtonsoft.Json.JsonSerializer)">
            <summary>
            Writes a <see cref="T:DNS.Protocol.ResourceRecords.StartOfAuthorityResourceRecord"/> to JSON.
            </summary>
            <param name="resourceRecord">The <see cref="T:DNS.Protocol.ResourceRecords.StartOfAuthorityResourceRecord"/> to write.</param>
            <returns>The written JSON.</returns>
        </member>
        <member name="T:Blockcore.Features.Dns.UnreliablePeerBehavior">
            <summary>
            A behaviour that will manage the lifetime of peers that aren't considered worthy to be served to DNS queries.
            </summary>
        </member>
        <member name="F:Blockcore.Features.Dns.UnreliablePeerBehavior.network">
            <summary>
            Defines the network the node runs on, e.g. regtest/testnet/mainnet.
            </summary>
        </member>
        <member name="F:Blockcore.Features.Dns.UnreliablePeerBehavior.chainState">
            <summary>Information about node's chain.</summary>
        </member>
        <member name="F:Blockcore.Features.Dns.UnreliablePeerBehavior.loggerFactory">
            <summary>Logger factory to create loggers.</summary>
        </member>
        <member name="F:Blockcore.Features.Dns.UnreliablePeerBehavior.peerBanning">
            <summary>Handle the lifetime of a peer.</summary>
        </member>
        <member name="F:Blockcore.Features.Dns.UnreliablePeerBehavior.nodeSettings">
            <summary>The node settings.</summary>
        </member>
        <member name="F:Blockcore.Features.Dns.UnreliablePeerBehavior.checkpoints">
            <summary>
            Available checkpoints
            </summary>
        </member>
        <member name="F:Blockcore.Features.Dns.UnreliablePeerBehavior.logger">
            <summary>Instance logger.</summary>
        </member>
        <member name="M:Blockcore.Features.Dns.UnreliablePeerBehavior.Clone">
            <inheritdoc />
        </member>
        <member name="M:Blockcore.Features.Dns.UnreliablePeerBehavior.AttachCore">
            <inheritdoc />
        </member>
        <member name="M:Blockcore.Features.Dns.UnreliablePeerBehavior.DetachCore">
            <inheritdoc />
        </member>
        <member name="M:Blockcore.Features.Dns.UnreliablePeerBehavior.OnMessageReceivedAsync(Blockcore.P2P.Peer.INetworkPeer,Blockcore.P2P.Protocol.IncomingMessage)">
            <summary>
            Event handler that is called when the node receives a network message from the attached peer.
            </summary>
            <param name="peer">Peer that sent us the message.</param>
            <param name="message">Received message.</param>
            <remarks>
            This handler only cares about "version" messages, which are only sent once per node.
            </remarks>
            <returns>A <see cref="T:System.Threading.Tasks.Task"/> representing the asynchronous operation.</returns>
        </member>
        <member name="M:Blockcore.Features.Dns.UnreliablePeerBehavior.IsProvenHeaderActivated">
            <summary>
            Determines whether proven headers are activated based on the proven header activation height and applicable network.
            </summary>
            <returns>
            <c>true</c> if proven header height is past the activation height for the corresponding network;
            otherwise, <c>false</c>.
            </returns>
        </member>
        <member name="M:Blockcore.Features.Dns.UnreliablePeerBehavior.CanServeProvenHeader(Blockcore.P2P.Protocol.Payloads.VersionPayload)">
            <summary>
            Determines whether the specified peer can serve proven header.
            </summary>
            <param name="version">The version of the connected peer.</param>
            <returns>
              <c>true</c> if this instance [can serve proven header] the specified peer; otherwise, <c>false</c>.
            </returns>
        </member>
        <member name="T:Blockcore.Features.Dns.WhitelistManager">
            <summary>
            Responsible for managing the whitelist used by the DNS server as a master file.
            </summary>
        </member>
        <member name="F:Blockcore.Features.Dns.WhitelistManager.dateTimeProvider">
            <summary>
            Defines the provider for the datetime.
            </summary>
        </member>
        <member name="F:Blockcore.Features.Dns.WhitelistManager.logger">
            <summary>
            Defines the logger.
            </summary>
        </member>
        <member name="F:Blockcore.Features.Dns.WhitelistManager.peerAddressManager">
            <summary>
            Defines the manager implementation for peer addresses used to populate the whitelist.
            </summary>
        </member>
        <member name="F:Blockcore.Features.Dns.WhitelistManager.dnsServer">
            <summary>
            Defines the DNS server.
            </summary>
        </member>
        <member name="F:Blockcore.Features.Dns.WhitelistManager.dnsPeerBlacklistThresholdInSeconds">
            <summary>
            Defines the peroid in seconds that the peer should last have been seen to be included in the whitelist.
            </summary>
        </member>
        <member name="F:Blockcore.Features.Dns.WhitelistManager.dnsHostName">
            <summary>
            Defines the DNS host name of the DNS Server.
            </summary>
        </member>
        <member name="F:Blockcore.Features.Dns.WhitelistManager.dnsSettings">
            <summary>
            Defines the DNS Settings.
            </summary>
        </member>
        <member name="F:Blockcore.Features.Dns.WhitelistManager.externalEndpoint">
            <summary>
            Defines the external endpoint for the dns node.
            </summary>
        </member>
        <member name="F:Blockcore.Features.Dns.WhitelistManager.fullNodeMode">
            <summary>
            Defines if DNS server daemon is running as full node <c>true</c> or not <c>false</c>.
            </summary>
        </member>
        <member name="M:Blockcore.Features.Dns.WhitelistManager.#ctor(Blockcore.Utilities.IDateTimeProvider,Microsoft.Extensions.Logging.ILoggerFactory,Blockcore.P2P.IPeerAddressManager,Blockcore.Features.Dns.IDnsServer,Blockcore.Configuration.Settings.ConnectionManagerSettings,Blockcore.Features.Dns.DnsSettings,Blockcore.Connection.IPeerBanning)">
            <summary>
            Initializes a new instance of the <see cref="T:Blockcore.Features.Dns.WhitelistManager"/> class.
            </summary>
            <param name="dateTimeProvider">The provider for datetime.</param>
            <param name="loggerFactory">The factory to create the logger.</param>
            <param name="peerAddressManager">The manager implementation for peer addresses.</param>
            <param name="dnsServer">The DNS server.</param>
            <param name="connectionSettings">The connection settings.</param>
            <param name="dnsSettings">The DNS settings.</param>
            <param name="peerBanning">Peer banning component.</param>
        </member>
        <member name="M:Blockcore.Features.Dns.WhitelistManager.RefreshWhitelist">
            <summary>
            Refreshes the managed whitelist.
            </summary>
        </member>
    </members>
</doc>
