<?xml version="1.0"?>
<doc>
    <assembly>
        <name>Blockcore.Networks.XRC</name>
    </assembly>
    <members>
        <member name="P:Blockcore.Networks.XRC.Consensus.XRCConsensus.CoinbaseMaturity">
            <inheritdoc />
        </member>
        <member name="P:Blockcore.Networks.XRC.Consensus.XRCConsensus.PremineReward">
            <inheritdoc />
        </member>
        <member name="P:Blockcore.Networks.XRC.Consensus.XRCConsensus.PremineHeight">
            <inheritdoc />
        </member>
        <member name="P:Blockcore.Networks.XRC.Consensus.XRCConsensus.ProofOfWorkReward">
            <inheritdoc />
        </member>
        <member name="P:Blockcore.Networks.XRC.Consensus.XRCConsensus.ProofOfStakeReward">
            <inheritdoc />
        </member>
        <member name="P:Blockcore.Networks.XRC.Consensus.XRCConsensus.MaxReorgLength">
            <inheritdoc />
        </member>
        <member name="P:Blockcore.Networks.XRC.Consensus.XRCConsensus.MaxMoney">
            <inheritdoc />
        </member>
        <member name="P:Blockcore.Networks.XRC.Consensus.XRCConsensus.PosNoRetargeting">
            <inheritdoc />
        </member>
        <member name="P:Blockcore.Networks.XRC.Consensus.XRCConsensus.PowNoRetargeting">
            <inheritdoc />
        </member>
        <member name="P:Blockcore.Networks.XRC.Consensus.XRCConsensus.MinimumChainWork">
            <inheritdoc />
        </member>
        <member name="P:Blockcore.Networks.XRC.Consensus.XRCConsensus.CoinType">
            <inheritdoc />
        </member>
        <member name="P:Blockcore.Networks.XRC.Consensus.XRCConsensus.LastPOWBlock">
            <inheritdoc />
        </member>
        <member name="P:Blockcore.Networks.XRC.Consensus.XRCConsensus.IsProofOfStake">
            <inheritdoc />
        </member>
        <member name="P:Blockcore.Networks.XRC.Consensus.XRCConsensus.PosEmptyCoinbase">
            <inheritdoc />
        </member>
        <member name="P:Blockcore.Networks.XRC.Consensus.XRCConsensus.PosUseTimeFieldInKernalHash">
            <inheritdoc />
        </member>
        <member name="P:Blockcore.Networks.XRC.Consensus.XRCConsensus.ProofOfStakeTimestampMask">
            <inheritdoc />
        </member>
        <member name="P:Blockcore.Networks.XRC.Consensus.XRCConsensus.DefaultAssumeValid">
            <inheritdoc />
        </member>
        <member name="P:Blockcore.Networks.XRC.Consensus.XRCConsensus.ConsensusFactory">
            <inheritdoc />
        </member>
        <member name="P:Blockcore.Networks.XRC.Consensus.XRCConsensus.ConsensusRules">
            <inheritdoc />
        </member>
        <member name="P:Blockcore.Networks.XRC.Consensus.XRCConsensus.MempoolRules">
            <inheritdoc />
        </member>
        <member name="P:Blockcore.Networks.XRC.Crypto.XRCHashX13.Instance">
            <summary>
            using the instance method is not thread safe.
            to calling the hashing method in a multi threaded environment use the create() method
            </summary>
        </member>
        <member name="T:Blockcore.Networks.XRC.Deployments.XRCBIP9Deployments">
            <summary>
            BIP9 deployments for the Stratis network.
            </summary>
        </member>
        <member name="M:Blockcore.Networks.XRC.Deployments.XRCBIP9Deployments.#ctor">
            <summary>
            Constructs the BIP9 deployments array.
            </summary>
        </member>
        <member name="M:Blockcore.Networks.XRC.Deployments.XRCBIP9Deployments.GetFlags(System.Int32)">
            <summary>
            Gets the deployment flags to set when the deployment activates.
            </summary>
            <param name="deployment">The deployment number.</param>
            <returns>The deployment flags.</returns>
        </member>
        <member name="T:Blockcore.Networks.XRC.Policies.XRCStandardScriptsRegistry">
            <summary>
            Stratis-specific standard transaction definitions.
            </summary>
        </member>
        <member name="T:Blockcore.Networks.XRC.Rules.XRCHeaderVersionRule">
            <summary>
            Checks if <see cref="T:Blockcore.Networks.XRC.XRCMain"/> network block's header has a valid block version.
            </summary>
        </member>
        <member name="M:Blockcore.Networks.XRC.Rules.XRCHeaderVersionRule.Run(Blockcore.Consensus.Rules.RuleContext)">
            <inheritdoc />
        </member>
        <member name="F:Blockcore.Networks.XRC.XRCMain.xRhodiumMaxTimeOffsetSeconds">
            <summary> xRhodium maximal value for the calculated time offset. If the value is over this limit, the time syncing feature will be switched off. </summary>
        </member>
        <member name="F:Blockcore.Networks.XRC.XRCMain.xRhodiumDefaultMaxTipAgeInSeconds">
            <summary> xRhodium default value for the maximum tip age in seconds to consider the node in initial block download (2 hours). </summary>
        </member>
        <member name="F:Blockcore.Networks.XRC.XRCMain.xRhodiumRootFolderName">
            <summary> The name of the root folder containing the different xRhodium blockchains (xRhodiumMain, xRhodiumTest, xRhodiumRegTest). </summary>
        </member>
        <member name="F:Blockcore.Networks.XRC.XRCMain.xRhodiumDefaultConfigFilename">
            <summary> The default name used for the xRhodium configuration file. </summary>
        </member>
    </members>
</doc>
