<?xml version="1.0"?>
<doc>
    <assembly>
        <name>Blockcore.Features.WatchOnlyWallet</name>
    </assembly>
    <members>
        <member name="T:Blockcore.Features.WalletWatchOnly.Api.Controllers.WatchOnlyWalleRPCController">
            <summary>
            Controller providing RPC operations on a watch-only wallet.
            </summary>
        </member>
        <member name="F:Blockcore.Features.WalletWatchOnly.Api.Controllers.WatchOnlyWalleRPCController.fullNode">
            <summary>Full Node.</summary>
        </member>
        <member name="F:Blockcore.Features.WalletWatchOnly.Api.Controllers.WatchOnlyWalleRPCController.chainIndexer">
            <summary>Thread safe access to the best chain of block headers from genesis.</summary>
        </member>
        <member name="F:Blockcore.Features.WalletWatchOnly.Api.Controllers.WatchOnlyWalleRPCController.network">
            <summary>Specification of the network the node runs on.</summary>
        </member>
        <member name="F:Blockcore.Features.WalletWatchOnly.Api.Controllers.WatchOnlyWalleRPCController.walletSettings">
            <summary>Wallet related configuration.</summary>
        </member>
        <member name="F:Blockcore.Features.WalletWatchOnly.Api.Controllers.WatchOnlyWalleRPCController.walletManager">
            <summary>Wallet manager.</summary>
        </member>
        <member name="F:Blockcore.Features.WalletWatchOnly.Api.Controllers.WatchOnlyWalleRPCController.watchOnlyWalletManager">
            <summary>Wallet manager.</summary>
        </member>
        <member name="F:Blockcore.Features.WalletWatchOnly.Api.Controllers.WatchOnlyWalleRPCController.blockStore">
            <summary>Provides access to the block store database.</summary>
        </member>
        <member name="F:Blockcore.Features.WalletWatchOnly.Api.Controllers.WatchOnlyWalleRPCController.chainState">
            <summary>Information about node's chain.</summary>
        </member>
        <member name="F:Blockcore.Features.WalletWatchOnly.Api.Controllers.WatchOnlyWalleRPCController.CurrentWalletName">
            <summary>
            The wallet name set by selectwallet method. This is static since the controller is a stateless type. This value should probably be cached by an injected service in the future.
            </summary>
        </member>
        <member name="M:Blockcore.Features.WalletWatchOnly.Api.Controllers.WatchOnlyWalleRPCController.#ctor(Blockcore.IFullNode,Blockcore.Consensus.IConsensusManager,Blockcore.Consensus.Chain.ChainIndexer,Blockcore.Networks.Network,Blockcore.Features.Wallet.WalletSettings,Blockcore.Features.Wallet.Interfaces.IWalletManager,Blockcore.Features.WalletWatchOnly.Interfaces.IWatchOnlyWalletManager,Blockcore.Interfaces.IBlockStore,Blockcore.Base.IChainState)">
            <inheritdoc />
        </member>
        <member name="M:Blockcore.Features.WalletWatchOnly.Api.Controllers.WatchOnlyWalleRPCController.GetWalletAccountReference">
            <summary>
            Gets the first account from the "default" wallet if it specified,
            otherwise returns the first available account in the existing wallets.
            </summary>
            <returns>Reference to the default wallet account, or the first available if no default wallet is specified.</returns>
        </member>
        <member name="T:Blockcore.Features.WalletWatchOnly.Api.Controllers.WatchOnlyWalletController">
            <summary>
            Controller providing operations on a watch-only wallet.
            </summary>
        </member>
        <member name="F:Blockcore.Features.WalletWatchOnly.Api.Controllers.WatchOnlyWalletController.watchOnlyWalletManager">
            <summary> The watch-only wallet manager. </summary>
        </member>
        <member name="M:Blockcore.Features.WalletWatchOnly.Api.Controllers.WatchOnlyWalletController.#ctor(Blockcore.Features.WalletWatchOnly.Interfaces.IWatchOnlyWalletManager)">
            <summary>
            Initializes a new instance of the <see cref="T:Blockcore.Features.WalletWatchOnly.Api.Controllers.WatchOnlyWalletController"/> class.
            </summary>
            <param name="watchOnlyWalletManager">The watch-only wallet manager.</param>
        </member>
        <member name="M:Blockcore.Features.WalletWatchOnly.Api.Controllers.WatchOnlyWalletController.Watch(System.String)">
            <summary>
            Adds a base58 address to the watch list.
            </summary>
            <example>Request URL: /api/watchonlywallet/watch?address=mpK6g... </example>
            <param name="address">The base58 address to add to the watch list.</param>
        </member>
        <member name="M:Blockcore.Features.WalletWatchOnly.Api.Controllers.WatchOnlyWalletController.GetWatchOnlyWallet">
            <summary>
            Gets the list of addresses being watched along with the transactions affecting them.
            </summary>
            <example>Request URL: /api/watchonlywallet </example>
            <returns>The watch-only wallet or a collection of errors, if any.</returns>
        </member>
        <member name="P:Blockcore.Features.WalletWatchOnly.Api.Models.ListTransactionsModel.InvolvesWatchOnly">
            <summary>
            Only returns true if imported addresses were involved in transaction.
            </summary>
        </member>
        <member name="P:Blockcore.Features.WalletWatchOnly.Api.Models.ListTransactionsModel.Address">
            <summary>
            The bitcoin address of the transaction.
            </summary>
        </member>
        <member name="P:Blockcore.Features.WalletWatchOnly.Api.Models.ListTransactionsModel.Category">
            <summary>
            The transaction category.
            </summary>
        </member>
        <member name="P:Blockcore.Features.WalletWatchOnly.Api.Models.ListTransactionsModel.Amount">
            <summary>
            The total amount received or spent in this transaction.
            Can be positive (received), negative (sent) or 0 (payment to yourself).
            </summary>
        </member>
        <member name="P:Blockcore.Features.WalletWatchOnly.Api.Models.ListTransactionsModel.Label">
            <summary>
            A comment for the address/transaction, if any
            </summary>
        </member>
        <member name="P:Blockcore.Features.WalletWatchOnly.Api.Models.ListTransactionsModel.VOut">
            <summary>
            The amount of the fee in BTC. This is negative and only available for the
            'send' category of transactions.
            </summary>
        </member>
        <member name="P:Blockcore.Features.WalletWatchOnly.Api.Models.ListTransactionsModel.Fee">
            <summary>
            The block hash.
            </summary>
            <summary>
            The amount of the fee. This is negative and only available for the 'send' category of transactions.
            </summary>
        </member>
        <member name="P:Blockcore.Features.WalletWatchOnly.Api.Models.ListTransactionsModel.Confirmations">
            <summary>
            The number of confirmations for the transaction. Negative confirmations means the
            transaction conflicted that many blocks ago.
            </summary>
        </member>
        <member name="P:Blockcore.Features.WalletWatchOnly.Api.Models.ListTransactionsModel.BlockHash">
            <summary>
            The block hash.
            </summary>
        </member>
        <member name="P:Blockcore.Features.WalletWatchOnly.Api.Models.ListTransactionsModel.BlockIndex">
            <summary>
            The index of the transaction in the block that includes it.
            </summary>
        </member>
        <member name="P:Blockcore.Features.WalletWatchOnly.Api.Models.ListTransactionsModel.BlockTime">
            <summary>
            The time in seconds since epoch (1 Jan 1970 GMT).
            </summary>
        </member>
        <member name="P:Blockcore.Features.WalletWatchOnly.Api.Models.ListTransactionsModel.TransactionId">
            <summary>
            The transaction id.
            </summary>
        </member>
        <member name="P:Blockcore.Features.WalletWatchOnly.Api.Models.ListTransactionsModel.TransactionTime">
            <summary>
            The transaction time in seconds since epoch (1 Jan 1970 GMT).
            </summary>
        </member>
        <member name="P:Blockcore.Features.WalletWatchOnly.Api.Models.ListTransactionsModel.TimeReceived">
            <summary>
            The time received in seconds since epoch (1 Jan 1970 GMT).
            </summary>
        </member>
        <member name="T:Blockcore.Features.WalletWatchOnly.Interfaces.IWatchOnlyWalletManager">
            <summary>
            An interface representing a manager providing operations on a watch-only wallet.
            TODO Add filtering (and clearing) of transactions whose block hash is not found on the chain (meaning a reorg occurred).
            </summary>
        </member>
        <member name="M:Blockcore.Features.WalletWatchOnly.Interfaces.IWatchOnlyWalletManager.Initialize">
            <summary>
            Initializes this watch-only wallet manager.
            </summary>
        </member>
        <member name="M:Blockcore.Features.WalletWatchOnly.Interfaces.IWatchOnlyWalletManager.GetWatchOnlyWallet">
            <summary>
            Gets the watch-only wallet.
            </summary>
            <returns>A watch-only wallet.</returns>
        </member>
        <member name="M:Blockcore.Features.WalletWatchOnly.Interfaces.IWatchOnlyWalletManager.WatchScriptPubKey(Blockcore.Consensus.ScriptInfo.Script)">
            <summary>
            Adds this scriptPubKey to the watch-only wallet so that transactions affecting it will be monitored.
            </summary>
            <param name="scriptPubKey">The scriptPubKey.</param>
        </member>
        <member name="M:Blockcore.Features.WalletWatchOnly.Interfaces.IWatchOnlyWalletManager.WatchAddress(System.String)">
            <summary>
            Adds this base58 encoded address to the watch-only wallet so that transactions affecting it will be monitored.
            </summary>
            <param name="address">The base58 address to watch for in transactions.</param>
        </member>
        <member name="M:Blockcore.Features.WalletWatchOnly.Interfaces.IWatchOnlyWalletManager.StoreTransaction(Blockcore.Features.WalletWatchOnly.WatchTransactionData)">
            <summary>
            Stores a transaction.
            </summary>
            <param name="transactionData">The transaction data.</param>
        </member>
        <member name="M:Blockcore.Features.WalletWatchOnly.Interfaces.IWatchOnlyWalletManager.ProcessBlock(Blockcore.Consensus.BlockInfo.Block)">
            <summary>
            Processes a block received from the network.
            </summary>
            <param name="block">The block to process.</param>
        </member>
        <member name="M:Blockcore.Features.WalletWatchOnly.Interfaces.IWatchOnlyWalletManager.ProcessTransaction(Blockcore.Consensus.TransactionInfo.Transaction,Blockcore.Consensus.BlockInfo.Block)">
            <summary>
            Processes a transaction received from the network.
            </summary>
            <param name="transaction">The transaction to process.</param>
            <param name="block">The block in which this transaction was included. <c>null</c> if it was not a transaction included in a block.</param>
        </member>
        <member name="M:Blockcore.Features.WalletWatchOnly.Interfaces.IWatchOnlyWalletManager.SaveWatchOnlyWallet">
            <summary>
            Saves the watch-only wallet to a persistent storage.
            </summary>
        </member>
        <member name="M:Blockcore.Features.WalletWatchOnly.Interfaces.IWatchOnlyWalletManager.LoadWatchOnlyWallet">
            <summary>
            Loads a stored watch-only wallet.
            </summary>
            <returns>The stored watch-only wallet.</returns>
        </member>
        <member name="M:Blockcore.Features.WalletWatchOnly.Interfaces.IWatchOnlyWalletManager.GetWatchedTransactions">
            <summary>
            Get the transaction lookup dictionary with the current
            contents of the watch only wallet's watched addresses and
            transactions.
            </summary>
        </member>
        <member name="T:Blockcore.Features.WalletWatchOnly.Models.WatchOnlyWalletModel">
            <summary>
            Represents a watch-only wallet to be used as an API return object.
            </summary>
        </member>
        <member name="M:Blockcore.Features.WalletWatchOnly.Models.WatchOnlyWalletModel.#ctor">
            <summary>
            Initializes a new instance of the <see cref="T:Blockcore.Features.WalletWatchOnly.Models.WatchOnlyWalletModel"/> class.
            </summary>
        </member>
        <member name="P:Blockcore.Features.WalletWatchOnly.Models.WatchOnlyWalletModel.Network">
            <summary>
            The network this wallet is for.
            </summary>
        </member>
        <member name="P:Blockcore.Features.WalletWatchOnly.Models.WatchOnlyWalletModel.CoinType">
            <summary>
            The type of coin, Bitcoin or Stratis.
            </summary>
        </member>
        <member name="P:Blockcore.Features.WalletWatchOnly.Models.WatchOnlyWalletModel.CreationTime">
            <summary>
            The time this wallet was created.
            </summary>
        </member>
        <member name="P:Blockcore.Features.WalletWatchOnly.Models.WatchOnlyWalletModel.WatchedAddresses">
            <summary>
            The list of <see cref="T:Blockcore.Features.WalletWatchOnly.WatchedAddress"/>es being watched.
            </summary>
        </member>
        <member name="P:Blockcore.Features.WalletWatchOnly.Models.WatchOnlyWalletModel.WatchedTransactions">
            <summary>
            The list of transactions being watched.
            </summary>
        </member>
        <member name="T:Blockcore.Features.WalletWatchOnly.Models.WatchedAddressModel">
            <summary>
            An object contaning an address being watched along with any transactions affecting it.
            </summary>
        </member>
        <member name="M:Blockcore.Features.WalletWatchOnly.Models.WatchedAddressModel.#ctor">
            <summary>
            Initializes a new instance of the <see cref="T:Blockcore.Features.WalletWatchOnly.Models.WatchedAddressModel"/> class.
            </summary>
        </member>
        <member name="P:Blockcore.Features.WalletWatchOnly.Models.WatchedAddressModel.Address">
            <summary>
            A base58 address being watched for transactions affecting it.
            </summary>
        </member>
        <member name="P:Blockcore.Features.WalletWatchOnly.Models.WatchedAddressModel.Transactions">
            <summary>
            The list of transactions affecting the address being watched.
            </summary>
        </member>
        <member name="T:Blockcore.Features.WalletWatchOnly.Models.WatchedTransactionModel">
            <summary>
            An object contaning a transaction being watched.
            </summary>
        </member>
        <member name="P:Blockcore.Features.WalletWatchOnly.Models.WatchedTransactionModel.Transaction">
            <summary>
            The transaction being watched.
            </summary>
        </member>
        <member name="T:Blockcore.Features.WalletWatchOnly.WatchOnlyWallet">
            <summary>
            Represents a watch-only wallet.
            </summary>
        </member>
        <member name="M:Blockcore.Features.WalletWatchOnly.WatchOnlyWallet.#ctor">
            <summary>
            Initializes a new instance of the <see cref="T:Blockcore.Features.WalletWatchOnly.WatchOnlyWallet"/> class.
            </summary>
        </member>
        <member name="P:Blockcore.Features.WalletWatchOnly.WatchOnlyWallet.Network">
            <summary>
            The network this wallet is for.
            </summary>
        </member>
        <member name="P:Blockcore.Features.WalletWatchOnly.WatchOnlyWallet.CoinType">
            <summary>
            The type of coin, Bitcoin or Stratis.
            </summary>
        </member>
        <member name="P:Blockcore.Features.WalletWatchOnly.WatchOnlyWallet.CreationTime">
            <summary>
            The time this wallet was created.
            </summary>
        </member>
        <member name="P:Blockcore.Features.WalletWatchOnly.WatchOnlyWallet.WatchedAddresses">
            <summary>
            The list of addresses being watched.
            </summary>
        </member>
        <member name="P:Blockcore.Features.WalletWatchOnly.WatchOnlyWallet.WatchedTransactions">
            <summary>
            The list of transactions being watched.
            </summary>
        </member>
        <member name="M:Blockcore.Features.WalletWatchOnly.WatchOnlyWallet.GetWatchedTransactions">
            <summary>
            Returns a dictionary of all the transactions being watched (both under addresses
            and standalone).
            </summary>
        </member>
        <member name="T:Blockcore.Features.WalletWatchOnly.WatchedAddress">
            <summary>
            An object containing a <see cref="P:Blockcore.Features.WalletWatchOnly.WatchedAddress.Script"/> being watched along with any transactions affecting it.
            </summary>
        </member>
        <member name="M:Blockcore.Features.WalletWatchOnly.WatchedAddress.#ctor">
            <summary>
            Initializes a new instance of the <see cref="T:Blockcore.Features.WalletWatchOnly.WatchedAddress"/> class.
            </summary>
        </member>
        <member name="P:Blockcore.Features.WalletWatchOnly.WatchedAddress.Script">
            <summary>
            A <see cref="P:Blockcore.Features.WalletWatchOnly.WatchedAddress.Script"/> being watched for transactions affecting it.
            </summary>
        </member>
        <member name="P:Blockcore.Features.WalletWatchOnly.WatchedAddress.Address">
            <summary>
            A base58 address being watched for transactions affecting it.
            </summary>
            <remarks>
            This is a convenience property whose intrinsic value is equal to <see cref="P:Blockcore.Features.WalletWatchOnly.WatchedAddress.Script"/>.
            </remarks>
        </member>
        <member name="P:Blockcore.Features.WalletWatchOnly.WatchedAddress.Transactions">
            <summary>
            The list of transactions affecting the <see cref="P:Blockcore.Features.WalletWatchOnly.WatchedAddress.Script"/> being watched.
            </summary>
        </member>
        <member name="T:Blockcore.Features.WalletWatchOnly.WatchTransactionData">
            <summary>
            An object containing the details of a transaction affecting a <see cref="T:Blockcore.Consensus.ScriptInfo.Script"/> being watched.
            </summary>
        </member>
        <member name="P:Blockcore.Features.WalletWatchOnly.WatchTransactionData.Id">
            <summary>
            Transaction id.
            </summary>
        </member>
        <member name="P:Blockcore.Features.WalletWatchOnly.WatchTransactionData.Hex">
            <summary>
            Hexadecimal representation of a transaction affecting a script being watched.
            </summary>
        </member>
        <member name="P:Blockcore.Features.WalletWatchOnly.WatchTransactionData.BlockHash">
            <summary>
            The hash of the block including this transaction.
            </summary>
        </member>
        <member name="P:Blockcore.Features.WalletWatchOnly.WatchTransactionData.MerkleProof">
            <summary>
            Gets or sets the Merkle proof for this transaction.
            </summary>
        </member>
        <member name="T:Blockcore.Features.WalletWatchOnly.WatchedAddressesConcurrentDictionaryConverter">
            <summary>
            Converter used to convert a <see cref="T:System.Collections.Concurrent.ConcurrentDictionary`2"/> (where TKey is <see cref="T:System.String"/> and TValue is <see cref="T:Blockcore.Features.WalletWatchOnly.WatchedAddress"/>) to and from a collection of its values.
            </summary>
            <seealso cref="T:Newtonsoft.Json.JsonConverter" />
        </member>
        <member name="M:Blockcore.Features.WalletWatchOnly.WatchedAddressesConcurrentDictionaryConverter.CanConvert(System.Type)">
            <inheritdoc />
        </member>
        <member name="M:Blockcore.Features.WalletWatchOnly.WatchedAddressesConcurrentDictionaryConverter.ReadJson(Newtonsoft.Json.JsonReader,System.Type,System.Object,Newtonsoft.Json.JsonSerializer)">
            <inheritdoc />
        </member>
        <member name="M:Blockcore.Features.WalletWatchOnly.WatchedAddressesConcurrentDictionaryConverter.WriteJson(Newtonsoft.Json.JsonWriter,System.Object,Newtonsoft.Json.JsonSerializer)">
            <inheritdoc />
        </member>
        <member name="T:Blockcore.Features.WalletWatchOnly.TransactionDataConcurrentDictionaryConverter">
            <summary>
            Converter used to convert a <see cref="T:System.Collections.Concurrent.ConcurrentDictionary`2"/> (where TKey is <see cref="T:System.String"/> and TValue is <see cref="T:Blockcore.Features.WalletWatchOnly.WatchTransactionData"/>) to and from a collection of its values.
            </summary>
            <seealso cref="T:Newtonsoft.Json.JsonConverter" />
        </member>
        <member name="M:Blockcore.Features.WalletWatchOnly.TransactionDataConcurrentDictionaryConverter.CanConvert(System.Type)">
            <inheritdoc />
        </member>
        <member name="M:Blockcore.Features.WalletWatchOnly.TransactionDataConcurrentDictionaryConverter.ReadJson(Newtonsoft.Json.JsonReader,System.Type,System.Object,Newtonsoft.Json.JsonSerializer)">
            <inheritdoc />
        </member>
        <member name="M:Blockcore.Features.WalletWatchOnly.TransactionDataConcurrentDictionaryConverter.WriteJson(Newtonsoft.Json.JsonWriter,System.Object,Newtonsoft.Json.JsonSerializer)">
            <inheritdoc />
        </member>
        <member name="T:Blockcore.Features.WalletWatchOnly.WatchOnlyWalletFeature">
            <summary>
            A feature used to add a watch-only wallet to the full node.
            </summary>
        </member>
        <member name="M:Blockcore.Features.WalletWatchOnly.WatchOnlyWalletFeature.#ctor(Blockcore.Features.WalletWatchOnly.Interfaces.IWatchOnlyWalletManager)">
            <summary>
            Initializes a new instance of the <see cref="T:Blockcore.Features.WalletWatchOnly.WatchOnlyWalletFeature"/> class.
            </summary>
            <param name="walletManager">The wallet manager.</param>
            <param name="signals">The signals.</param>
        </member>
        <member name="M:Blockcore.Features.WalletWatchOnly.WatchOnlyWalletFeature.InitializeAsync">
            <inheritdoc />
        </member>
        <member name="M:Blockcore.Features.WalletWatchOnly.WatchOnlyWalletFeature.Dispose">
            <inheritdoc />
        </member>
        <member name="T:Blockcore.Features.WalletWatchOnly.FullNodeBuilderWatchOnlyWalletExtension">
            <summary>
            A class providing extension methods for <see cref="T:Blockcore.Builder.IFullNodeBuilder"/>.
            </summary>
        </member>
        <member name="M:Blockcore.Features.WalletWatchOnly.FullNodeBuilderWatchOnlyWalletExtension.UseWatchOnlyWallet(Blockcore.Builder.IFullNodeBuilder)">
            <summary>
            Adds a watch only wallet component to the node being initialized.
            </summary>
            <param name="fullNodeBuilder">The object used to build the current node.</param>
            <returns>The full node builder, enriched with the new component.</returns>
        </member>
        <member name="T:Blockcore.Features.WalletWatchOnly.WatchOnlyWalletManager">
            <summary>
            Class representing a manager for a watch-only wallet.
            In this implementation, the wallet is saved to the file system.
            </summary>
        </member>
        <member name="F:Blockcore.Features.WalletWatchOnly.WatchOnlyWalletManager.WalletFileName">
            <summary>
            The name of the watch-only wallet as saved in the file system.
            </summary>
        </member>
        <member name="P:Blockcore.Features.WalletWatchOnly.WatchOnlyWalletManager.Wallet">
            <summary>
            A wallet containing scripts that are monitored for transactions affecting them.
            </summary>
        </member>
        <member name="F:Blockcore.Features.WalletWatchOnly.WatchOnlyWalletManager.network">
            <summary>Specification of the network the node runs on - regtest/testnet/mainnet.</summary>
        </member>
        <member name="F:Blockcore.Features.WalletWatchOnly.WatchOnlyWalletManager.logger">
            <summary>Instance logger.</summary>
        </member>
        <member name="F:Blockcore.Features.WalletWatchOnly.WatchOnlyWalletManager.dateTimeProvider">
            <summary>Provider of date time functionality.</summary>
        </member>
        <member name="F:Blockcore.Features.WalletWatchOnly.WatchOnlyWalletManager.txLookup">
            <summary>
            Provides a rapid lookup of transactions appearing in the watch-only wallet.
            This includes both transactions under watched addresses, as well as stored
            transactions. Enables quicker computation of address balances etc.
            </summary>
        </member>
        <member name="M:Blockcore.Features.WalletWatchOnly.WatchOnlyWalletManager.Dispose">
            <inheritdoc />
        </member>
        <member name="M:Blockcore.Features.WalletWatchOnly.WatchOnlyWalletManager.Initialize">
            <inheritdoc />
        </member>
        <member name="M:Blockcore.Features.WalletWatchOnly.WatchOnlyWalletManager.WatchAddress(System.String)">
            <inheritdoc />
        </member>
        <member name="M:Blockcore.Features.WalletWatchOnly.WatchOnlyWalletManager.StoreTransaction(Blockcore.Features.WalletWatchOnly.WatchTransactionData)">
            <inheritdoc />
        </member>
        <member name="M:Blockcore.Features.WalletWatchOnly.WatchOnlyWalletManager.ProcessBlock(Blockcore.Consensus.BlockInfo.Block)">
            <inheritdoc />
        </member>
        <member name="M:Blockcore.Features.WalletWatchOnly.WatchOnlyWalletManager.ProcessTransaction(Blockcore.Consensus.TransactionInfo.Transaction,Blockcore.Consensus.BlockInfo.Block)">
            <inheritdoc />
        </member>
        <member name="M:Blockcore.Features.WalletWatchOnly.WatchOnlyWalletManager.LoadTransactionLookup">
            <summary>
            Populate the transaction lookup dictionary with the current
            contents of the watch only wallet's watched addresses and
            transactions.
            </summary>
        </member>
        <member name="M:Blockcore.Features.WalletWatchOnly.WatchOnlyWalletManager.SaveWatchOnlyWallet">
            <inheritdoc />
        </member>
        <member name="M:Blockcore.Features.WalletWatchOnly.WatchOnlyWalletManager.LoadWatchOnlyWallet">
            <inheritdoc />
        </member>
        <member name="M:Blockcore.Features.WalletWatchOnly.WatchOnlyWalletManager.GetWatchOnlyWallet">
            <summary>
            Gets the watch-only wallet.
            </summary>
            <returns>The watch-only wallet.</returns>
        </member>
        <member name="M:Blockcore.Features.WalletWatchOnly.WatchOnlyWalletManager.WatchScriptPubKey(Blockcore.Consensus.ScriptInfo.Script)">
            <inheritdoc />
            <remarks>
            TODO ideally we'd have WatchAddress call this method, but the value populating the Address field is slightly different.
            The Address field is actually not used anywhere and is more there for info.
            Regardless, we need to consolidate them.
            </remarks>
        </member>
        <member name="M:Blockcore.Features.WalletWatchOnly.WatchOnlyWalletManager.GetRelativeBalance(System.String)">
            <summary>
            Computes the value contained within the transactions currently
            being watched for the given address by the watch-only wallet.
            For high-precision applications use a block explorer instead,
            as the returned balance only reflects fund movement since the
            address first started being watched.
            </summary>
            <param name="address">The Base58 representation of the address to interrogate</param>
        </member>
    </members>
</doc>
