<?xml version="1.0"?>
<doc>
    <assembly>
        <name>Blockcore.Features.Notifications</name>
    </assembly>
    <members>
        <member name="T:Blockcore.Features.Notifications.BlockNotification">
            <summary>
            Class used to broadcast about new blocks.
            </summary>
        </member>
        <member name="F:Blockcore.Features.Notifications.BlockNotification.asyncLoop">
            <summary>The async loop we need to wait upon before we can shut down this manager.</summary>
        </member>
        <member name="F:Blockcore.Features.Notifications.BlockNotification.asyncProvider">
            <summary>Factory for creating background async loop tasks.</summary>
        </member>
        <member name="F:Blockcore.Features.Notifications.BlockNotification.nodeLifetime">
            <summary>Global application life cycle control - triggers when application shuts down.</summary>
        </member>
        <member name="M:Blockcore.Features.Notifications.BlockNotification.SyncFrom(NBitcoin.uint256)">
            <inheritdoc/>
        </member>
        <member name="M:Blockcore.Features.Notifications.BlockNotification.Start">
            <inheritdoc/>
        </member>
        <member name="M:Blockcore.Features.Notifications.BlockNotification.Stop">
            <inheritdoc/>
        </member>
        <member name="T:Blockcore.Features.Notifications.BlockNotificationFeature">
            =================================================================
            TODO: This class is broken and the logic needs to be redesigned, this effects light wallet.
            =================================================================
            <summary>
            Feature enabling the broadcasting of blocks.
            </summary>
        </member>
        <member name="M:Blockcore.Features.Notifications.BlockNotificationFeature.Dispose">
            <inheritdoc />
        </member>
        <member name="T:Blockcore.Features.Notifications.FullNodeBuilderBlockNotificationExtension">
            <summary>
            A class providing extension methods for <see cref="T:Blockcore.Builder.IFullNodeBuilder"/>.
            </summary>
        </member>
        <member name="T:Blockcore.Features.Notifications.Controllers.NotificationsController">
            <summary>
            Controller providing operations on blocks and transactions notifications.
            </summary>
        </member>
        <member name="M:Blockcore.Features.Notifications.Controllers.NotificationsController.#ctor(Blockcore.Features.Notifications.Interfaces.IBlockNotification,Blockcore.Consensus.Chain.ChainIndexer)">
            <summary>
            Initializes a new instance of the <see cref="T:Blockcore.Features.Notifications.Controllers.NotificationsController"/> class.
            </summary>
            <param name="blockNotification">The block notification.</param>
            <param name="chainIndexer">The chain.</param>
        </member>
        <member name="M:Blockcore.Features.Notifications.Controllers.NotificationsController.SyncFrom(System.String)">
            <summary>
            Starts synchronising the chain from the provided block height or block hash.
            </summary>
            <param name="from">The height or the hash of the block from which to start syncing.</param>
            <returns>Http OK if the request succeeded.</returns>
            <example>/api/notifications/sync?from=1155695</example>
            <example>/api/notifications/sync?from=000000002f7105530e69b80f9295d3bc3046cd7d8643a2fb3aaaa23f90c82c77</example>
            <response code="200">Synchronisation started</response>
            <response code="400">Height or hash not supplied, or not found</response>
        </member>
        <member name="M:Blockcore.Features.Notifications.Interfaces.IBlockNotification.Start">
            <summary>
            Notifies about blocks, starting from block with hash passed as parameter.
            </summary>
        </member>
        <member name="M:Blockcore.Features.Notifications.Interfaces.IBlockNotification.Stop">
            <summary>
            Stops block notification by waiting for the async loop to complete.
            </summary>
        </member>
        <member name="M:Blockcore.Features.Notifications.Interfaces.IBlockNotification.SyncFrom(NBitcoin.uint256)">
            <summary>
            Looks up and sets the start hash to sync from.
            </summary>
            <param name="startHash">The hash to start syncing from.</param>
        </member>
        <member name="T:Blockcore.Features.Notifications.TransactionNotificationFeature">
            <summary>
            Feature enabling the broadcasting of transactions.
            </summary>
        </member>
        <member name="T:Blockcore.Features.Notifications.FullNodeBuilderTransactionNotificationExtension">
            <summary>
            A class providing extension methods for <see cref="T:Blockcore.Builder.IFullNodeBuilder"/>.
            </summary>
        </member>
        <member name="T:Blockcore.Features.Notifications.TransactionNotificationProgress">
            <summary>
            Class containing elements showing the progress of transactions notifications.
            </summary>
        </member>
        <member name="P:Blockcore.Features.Notifications.TransactionNotificationProgress.TransactionsReceived">
            <summary>
            Contains hashes of the transactions that have already been received from other nodes.
            </summary>
        </member>
        <member name="T:Blockcore.Features.Notifications.TransactionReceiver">
            <summary>
            This class receives transaction messages from other nodes.
            </summary>
        </member>
    </members>
</doc>
